run,maxOpenCanopiesBelow1000Ft,maxOpenCanopiesBelow500Ft,minHorizontalSeparationFt,fullyOpenAltitudeMinFt,fullyOpenAltitudeMaxFt,fullyOpenAltitudeSpreadFt,canopyCongestionScore,canopyCollisionExposurePairSeconds,estimatedCanopyCollisionRiskPer10k
1,6,3,858.2379835504563,2749.3625664959204,3084.2531149256984,334.89054842977794,0,0,0
2,5,3,856.4846296980148,2772.99605081312,3189.6693494671326,416.6732986540128,0,0,0
3,8,6,818.9300893029894,2690.9829159292644,3138.6513737806204,447.6684578513559,0,0,0
4,6,3,894.3069880811795,2709.0790297259937,3352.417177080568,643.3381473545742,0,0,0
5,9,6,875.3210829887594,2701.109188008664,3160.7640985421313,459.65491053346705,0,0,0
6,9,7,915.7368715202014,2790.6622631367886,3315.328260522187,524.6659973853984,0,0,0
7,6,5,855.3981376166373,2697.8304922015877,3317.04143256308,619.2109403614922,0,0,0
8,8,5,863.3243649288213,2928.5196137761036,3170.091419529942,241.57180575383836,0,0,0
9,6,4,846.2855898876834,2658.7233858684285,3240.8612737870594,582.1378879186309,0,0,0
10,8,4,839.5784158619267,2847.782427991602,3190.649768429834,342.8673404382316,0,0,0
11,6,4,774.8074159957822,2701.778032695232,3161.022901119333,459.2448684241008,0,0,0
12,7,4,901.5064145117382,2834.082768393713,3321.9602658418717,487.87749744815846,0,0,0
13,6,4,869.6110388444229,2785.0299263615752,3096.7877569477396,311.75783058616435,0,0,0
14,6,4,835.975616555026,2930.459739599041,3224.229954189114,293.770214590073,0,0,0
15,6,5,880.5407056352439,2814.048506743899,3071.9607266114067,257.9122198675077,0,0,0
16,8,5,912.6855989233169,2769.9939008505226,3274.9698596454814,504.97595879495884,0,0,0
17,7,5,886.6198267370007,2694.193453784965,3112.5350468445304,418.3415930595652,0,0,0
18,8,7,925.8181361593759,2678.1028908364456,3231.798281946379,553.6953911099336,0,0,0
19,6,4,926.2286407329983,2816.0431669030268,3128.412086864226,312.368919961199,0,0,0
20,7,5,895.5441709207736,2714.1560626499777,3107.317232299926,393.16116964994853,0,0,0
21,7,5,831.7024116659506,2824.041871762437,3153.581318049814,329.5394462873769,0,0,0
22,7,4,873.8274478577828,2766.0820036519212,3163.7795061811667,397.6975025292454,0,0,0
23,6,4,882.755457435774,2745.6630488426863,3172.931129720754,427.26808087806785,0,0,0
24,7,5,903.3824474985527,2749.2913724552336,3096.4076148734703,347.11624241823665,0,0,0
25,9,5,866.1125221296896,2774.025508540424,3296.347387003786,522.3218784633618,0,0,0
26,6,4,755.8286343062163,2734.772532625932,3143.4644392742434,408.6919066483115,0,0,0
27,6,5,793.4906682450993,2792.136906350008,3206.372892611893,414.23598626188505,0,0,0
28,7,4,922.6996449755462,2772.072894907982,3166.8698534984933,394.79695859051117,0,0,0
29,7,4,846.3969041028455,2625.663924458016,3205.665257660711,580.0013332026952,0,0,0
30,8,6,915.5215367594323,2639.111424622933,3131.2768699106487,492.16544528771556,0,0,0
31,8,5,897.9997762310504,2722.236671983463,3244.1989527777905,521.9622807943274,0,0,0
32,9,6,870.3737884854407,2796.5386140732917,3128.992268219268,332.45365414597654,0,0,0
33,6,6,861.6554563668891,2857.8423426630293,3133.717319731499,275.8749770684699,0,0,0
34,7,5,894.568225097511,2739.222579517501,3185.473855614605,446.251276097104,0,0,0
35,8,6,895.1697686084424,2709.0796736845937,3007.307167353527,298.2274936689332,0,0,0
36,8,6,855.7559332531064,2869.690730618627,3203.048883578298,333.35815295967086,0,0,0
37,9,7,935.3569617749481,2652.3701522091037,3038.8587235900104,386.4885713809067,0,0,0
38,8,5,885.146209051665,2884.5788044382257,3282.626965916043,398.0481614778173,0,0,0
39,7,4,827.7461429550139,2727.5723959309985,3317.210909491551,589.6385135605524,0,0,0
40,7,5,896.3665397289415,2790.056570511735,3134.5433217822097,344.48675127047454,0,0,0
41,5,4,845.7497414762211,2838.5425637885287,2998.2825596750945,159.7399958865658,0,0,0
42,6,4,883.0714936770069,2651.1073955955026,3162.901966504939,511.7945709094365,0,0,0
43,6,4,812.3466037488938,2691.2440933879607,3103.971994640688,412.7279012527274,0,0,0
44,6,4,868.0504617006814,2667.576014862802,3204.8101639665133,537.2341491037114,0,0,0
45,8,4,912.5979949564726,2826.9057548544583,3203.1135521019364,376.2077972474781,0,0,0
46,7,5,876.9462520747553,2738.375954842396,3250.2869002869406,511.9109454445447,0,0,0
47,6,4,881.79854872507,2793.986819138463,3352.910017097667,558.9231979592041,0,0,0
48,6,4,800.0566612732115,2669.8437001667935,3172.79191707524,502.9482169084463,0,0,0
49,6,4,837.7428900040825,2651.917685478953,3231.489379044659,579.571693565706,0,0,0
50,8,5,788.4575198441913,2728.070250645888,3214.0179198935843,485.94766924769647,0,0,0
51,6,4,861.6840881802253,2746.312331631897,3094.806310819393,348.4939791874958,0,0,0
52,6,4,868.0554573841638,2830.7180747299317,3148.4951301358446,317.77705540591296,0,0,0
53,6,5,892.3169083124869,2626.0733761175707,3121.6070683978646,495.53369228029396,0,0,0
54,7,5,807.8642078403618,2761.991330885724,3248.0446341782185,486.05330329249455,0,0,0
55,7,4,830.131035188441,2708.3721847700813,3128.7141072391237,420.3419224690424,0,0,0
56,7,4,878.6492388719698,2804.490271848758,3166.7215139721675,362.23124212340963,0,0,0
57,7,6,818.5368716852147,2672.9289789578374,3303.448330256485,630.5193512986475,0,0,0
58,7,4,815.0018512824142,2845.778041628914,3185.273644161672,339.4956025327583,0,0,0
59,6,4,816.4522002539181,2641.0320412273873,3226.3320669411546,585.3000257137674,0,0,0
60,8,6,879.2002971616389,2558.8154905608235,3231.6448445087667,672.8293539479432,0,0,0
61,7,6,886.1686109800922,2811.1799787757263,3073.7485008449653,262.56852206923895,0,0,0
62,10,6,962.9964416794469,2861.8134024745787,3300.891609610491,439.0782071359122,0,0,0
63,7,4,854.5829821611923,2830.2973335831284,3231.7232700102427,401.42593642711427,0,0,0
64,8,5,877.4035998534131,2737.375897374249,3143.8135410816867,406.4376437074379,0,0,0
65,7,5,926.6876308252164,2782.8896995660216,3085.9424599898307,303.0527604238091,0,0,0
66,8,5,899.9252963033528,2683.257432117919,3124.553115937993,441.2956838200739,0,0,0
67,7,5,912.7814455910884,2654.77275014337,3307.9615186025135,653.1887684591434,0,0,0
68,7,6,879.2449064677841,2582.987160083718,3084.8876847231395,501.9005246394213,0,0,0
69,6,5,864.9171512900324,2821.083227296486,3225.93837272869,404.85514543220415,0,0,0
70,6,4,831.7029437019827,2558.2949592254727,3071.3211186131116,513.0261593876389,0,0,0
71,7,5,841.4846633502959,2580.8023344418048,3211.7852229866608,630.982888544856,0,0,0
72,7,5,915.2774944339913,2704.0192240867395,3103.5862569086034,399.5670328218639,0,0,0
73,6,4,829.6668171429721,2601.080157378493,3139.4807296910576,538.4005723125647,0,0,0
74,5,4,842.3414743840862,2713.499032587102,3003.9855247333976,290.4864921462954,0,0,0
75,7,4,874.7288685580961,2757.7836892892933,3036.8259530433697,279.04226375407643,0,0,0
76,7,4,838.2683514679989,2771.814302926112,3135.9473354174033,364.1330324912915,0,0,0
77,8,5,883.8208898216031,2703.86965102006,3308.4909069214686,604.6212559014089,0,0,0
78,7,5,861.1252059658882,2794.3931285738836,3098.635823450361,304.24269487647734,0,0,0
79,7,5,889.0044984858013,2725.7421005673846,3066.0419155655245,340.29981499813994,0,0,0
80,6,5,901.3220809531599,2602.779268224332,3146.0561751500622,543.2769069257301,0,0,0
81,6,5,848.6414309355748,2668.2164257967656,3150.214274897614,481.99784910084827,0,0,0
82,8,5,913.6224539087885,2706.9146045632497,3078.12643629847,371.21183173522013,0,0,0
83,8,5,839.2956547386694,2731.491412654787,3102.6956401163084,371.20422746152144,0,0,0
84,8,5,910.9131815403165,2725.382615809738,3139.827460269194,414.4448444594559,0,0,0
85,7,4,818.1300994703464,2693.1372497600005,3158.502381696064,465.36513193606334,0,0,0
86,8,5,868.8479685420768,2805.45629591559,3207.488005999764,402.03171008417394,0,0,0
87,5,3,829.7149930511972,2725.5348446544513,3142.2251435711732,416.690298916722,0,0,0
88,7,6,846.5797654529033,2679.500185867811,3191.498128378744,511.9979425109327,0,0,0
89,8,4,872.8349451351093,2687.0137014231063,3123.5207537038114,436.507052280705,0,0,0
90,6,4,850.7638268160606,2773.207873167609,3262.6033037959355,489.3954306283267,0,0,0
91,7,4,889.7702724393498,2779.6516292435276,3144.964942571353,365.3133133278252,0,0,0
92,6,4,810.4260772156903,2739.504911528719,2983.310137125664,243.8052255969451,0,0,0
93,7,5,883.71566326443,2745.4441957583063,3162.428649616981,416.9844538586749,0,0,0
94,7,4,849.9417463437833,2675.2235390987057,3082.7010547916966,407.4775156929909,0,0,0
95,7,6,818.9537246534942,2690.845990420607,3092.711092774129,401.86510235352216,0,0,0
96,8,6,920.5417553830042,2647.177410198133,3161.0549471832924,513.8775369851592,0,0,0
97,8,6,881.0705463183756,2735.4885422827533,3113.679522930195,378.19098064744185,0,0,0
98,7,4,903.2707594699917,2740.3847958059837,3173.7457687687174,433.36097296273374,0,0,0
99,7,5,882.6366886004217,2758.7781711332677,3155.8181745504976,397.04000341722985,0,0,0
100,7,6,894.4699731819537,2660.563996797298,3170.28388951879,509.7198927214922,0,0,0
101,6,5,874.7396730650009,2772.845163748341,3090.13109799924,317.2859342508991,0,0,0
102,7,4,889.7462564079503,2783.881800692856,3202.5179326843727,418.6361319915168,0,0,0
103,8,5,895.3542457083279,2730.4898470641974,3055.1228225684595,324.63297550426205,0,0,0
104,6,4,885.499000905616,2690.4303808225714,3117.144846138094,426.71446531552283,0,0,0
105,8,6,854.1082493848863,2835.170354687769,3284.1182984771935,448.9479437894247,0,0,0
106,7,4,894.8004572578325,2731.9061327066,3002.0428561854296,270.1367234788295,0,0,0
107,8,6,843.3393822318204,2747.8000510399625,3205.0738330276345,457.273781987672,0,0,0
108,7,5,867.5264502201975,2893.0575203464737,3133.3642449428817,240.306724596408,0,0,0
109,7,4,801.9996462955031,2824.3738441066257,3178.3286951587534,353.95485105212765,0,0,0
110,8,7,888.7922998848605,2659.4374384865487,3167.2966441946533,507.8592057081046,0,0,0
111,6,5,847.2995394826897,2696.7486634585357,3148.4541014752276,451.7054380166919,0,0,0
112,8,4,896.0279165360944,2600.17874469203,3108.756821127385,508.57807643535534,0,0,0
113,9,6,888.8638979677446,2754.3609092263796,3172.4430974505344,418.08218822415483,0,0,0
114,6,5,903.2484141782134,2875.5173308476415,3094.889509961722,219.3721791140806,0,0,0
115,7,4,884.3180661389722,2730.7797280329983,3075.121457015013,344.34172898201496,0,0,0
116,8,4,913.2623438319596,2658.7382679083144,3175.3902137337222,516.6519458254079,0,0,0
117,8,6,878.1743740549022,2667.830694525363,3037.710149652811,369.8794551274482,0,0,0
118,7,4,846.1747589882265,2686.0615211159616,2981.706438282365,295.6449171664035,0,0,0
119,6,4,923.898939498128,2736.141576735365,3064.5599389490467,328.4183622136816,0,0,0
120,7,4,877.7281514948276,2763.356058835357,3146.2694872817847,382.9134284464276,0,0,0
121,8,5,893.8020557294873,2683.610999434738,3184.1342088641422,500.52320942940423,0,0,0
122,7,5,839.2311714229824,2725.9898677893316,3109.983269326586,383.9934015372546,0,0,0
123,8,6,810.3543506043289,2762.4968745236597,3070.5407096219164,308.04383509825675,0,0,0
124,7,6,879.7184504915016,2600.561262627351,3194.0663296854477,593.5050670580968,0,0,0
125,6,4,926.5624652832884,2705.300970096869,2977.487057906928,272.1860878100588,0,0,0
126,7,6,839.1265626347014,2797.106955068269,3170.2105885252163,373.10363345694714,0,0,0
127,8,5,851.0599419324128,2734.627758451527,3117.5593474817038,382.93158903017684,0,0,0
128,10,7,913.2014459350563,2922.2924691756716,3143.7903210168456,221.497851841174,0,0,0
129,5,3,849.5162752627299,2816.8425651996695,3000.8041950674115,183.96162986774198,0,0,0
130,6,4,864.7073956221718,2558.0370333909596,3089.538698045758,531.5016646547983,0,0,0
131,8,5,862.2404312223039,2721.6330135908156,3137.749402560292,416.11638896947625,0,0,0
132,8,6,840.8806335147967,2627.591890693728,3154.23301412499,526.6411234312618,0,0,0
133,7,4,846.5942175813927,2666.3922210392966,3083.8037702772067,417.4115492379101,0,0,0
134,8,6,900.038006962596,2772.6490437829457,3277.9656068796676,505.3165630967219,0,0,0
135,7,4,860.8248554069645,2823.0457301893225,3191.844304474839,368.7985742855167,0,0,0
136,7,4,924.4572246084695,2639.5112982328505,3216.979839649101,577.4685414162504,0,0,0
137,7,5,844.8603955607433,2682.1826687592707,3226.550900029852,544.3682312705814,0,0,0
138,9,7,884.9841056940155,2741.8302591663282,3141.572984933828,399.7427257674999,0,0,0
139,7,4,894.914325631176,2653.8210565742065,3132.2350406473643,478.41398407315774,0,0,0
140,6,4,857.1924226738948,2676.798166645142,3122.249533274527,445.4513666293851,0,0,0
141,7,4,917.7455740515695,2739.8310939919256,3132.7583825612764,392.9272885693508,0,0,0
142,6,5,901.2167990360778,2580.8798771274674,3124.925237030509,544.0453599030416,0,0,0
143,7,5,864.2969045053203,2828.796297216004,3127.285496175768,298.48919895976405,0,0,0
144,7,5,803.1557564377368,2723.8100509826,3244.2785760270217,520.4685250444218,0,0,0
145,7,5,821.0155070262272,2708.2171770356936,3161.8358341613452,453.6186571256517,0,0,0
146,8,4,906.0309184805594,2822.565105995465,3230.598006048949,408.03290005348435,0,0,0
147,8,5,896.8507504478936,2698.3179532505465,3003.4002940120354,305.0823407614889,0,0,0
148,6,4,875.0853333554812,2717.990882863345,3099.8803849475275,381.88950208418237,0,0,0
149,5,4,857.5441454197808,2702.796459130757,3131.4714443838484,428.67498525309156,0,0,0
150,9,8,908.3972773988664,2792.651177276519,3057.6910711912938,265.0398939147749,0,0,0
151,7,5,887.7085795961789,2671.017259995649,3161.053317049369,490.03605705372,0,0,0
152,7,6,931.9147811067243,2708.5946892029233,3138.090627340508,429.49593813758474,0,0,0
153,6,4,846.0298549831097,2723.2288612832626,3163.17075341874,439.94189213547725,0,0,0
154,7,4,883.2566878046114,2728.3113203647563,3195.6346776744135,467.32335730965724,0,0,0
155,6,5,868.8785096494598,2787.4896186812407,3157.4993289919394,370.00971031069867,0,0,0
156,7,4,868.7422184407134,2779.155788058146,3116.0574612905884,336.9016732324426,0,0,0
157,6,4,873.6128707369777,2859.777191370404,3202.598662442422,342.8214710720181,0,0,0
158,8,6,864.7480211225977,2781.910527959013,3223.9359827282087,442.0254547691957,0,0,0
159,7,4,916.5541810731501,2669.453831280052,3022.845458504658,353.39162722460605,0,0,0
160,9,4,789.7400656288844,2816.8453678109313,3119.2498582657295,302.4044904547982,0,0,0
161,7,5,884.5912487172958,2799.9297537185944,3150.91827519715,350.9885214785554,0,0,0
162,6,4,890.018719887065,2778.533530640102,3160.0884706883767,381.5549400482746,0,0,0
163,7,5,915.1661167860473,2814.5410254192757,3123.81327570041,309.27225028113435,0,0,0
164,5,5,883.548627923269,2699.444253436551,3147.97213587216,448.5278824356087,0,0,0
165,8,5,845.7403620542988,2824.407841190418,3135.1066678081447,310.6988266177268,0,0,0
166,6,6,833.1861410026942,2706.394814260915,3152.5718083529064,446.1769940919912,0,0,0
167,8,5,943.4079959659782,2758.0376161964386,3089.8777878959395,331.84017169950084,0,0,0
168,8,6,857.6582281379236,2721.9771334650136,3216.0987083759824,494.1215749109688,0,0,0
169,8,6,922.7142889600423,2673.154603009242,3127.8455640606044,454.6909610513626,0,0,0
170,7,6,830.7337727498557,2831.190124420115,3051.5405072352037,220.35038281508878,0,0,0
171,10,5,802.6928472262694,2601.9868772409213,3171.9090732381765,569.9221959972551,0,0,0
172,6,4,848.4818351348757,2774.8873586930317,3129.6653564410167,354.77799774798495,0,0,0
173,9,5,920.7496962105182,2792.328778132799,3163.685463310441,371.3566851776418,0,0,0
174,8,7,828.1487554869007,2665.626334101503,3329.9164013906893,664.2900672891865,0,0,0
175,6,5,924.626200677955,2811.6805084671782,3189.622748601467,377.94224013428857,0,0,0
176,6,5,867.7874035231673,2682.8922160439533,3124.9187179437968,442.0265018998434,0,0,0
177,7,5,771.4865275175447,2641.5702536835215,3160.1608442441507,518.5905905606292,0,0,0
178,7,5,892.5859846167461,2820.9680401422,3053.6563577729726,232.68831763077242,0,0,0
179,9,5,822.5665498794053,2745.984663573331,3192.7368011418775,446.75213756854646,0,0,0
180,6,4,887.4743901088344,2827.1105729686597,3257.498676838641,430.3881038699815,0,0,0
181,7,5,851.675297851739,2800.633469590491,3209.3386764775623,408.7052068870712,0,0,0
182,5,4,912.7819131088701,2579.287718038566,3122.4517287984063,543.1640107598405,0,0,0
183,8,6,887.9305489473079,2834.4542937721726,2966.4229507972545,131.96865702508194,0,0,0
184,6,4,901.2006752924555,2727.2334040606156,3147.814292739521,420.58088867890547,0,0,0
185,6,4,871.2882223598093,2705.7473012504342,3169.16963718497,463.42233593453557,0,0,0
186,8,5,886.7486977063933,2832.0335990807184,3057.9090419147255,225.87544283400712,0,0,0
187,8,5,868.4376299030155,2681.833982051451,3054.56535132851,372.731369277059,0,0,0
188,8,5,871.8040800967599,2664.2418033238455,3071.9745716895563,407.73276836571085,0,0,0
189,6,4,933.0855634461432,2761.4998726574827,3100.6126801797095,339.11280752222683,0,0,0
190,7,4,896.046690042719,2508.416495698849,3218.1747073588176,709.7582116599688,0,0,0
191,7,4,847.0458827964969,2754.3734845557333,3187.854206804849,433.48072224911584,0,0,0
192,6,4,870.4210741602886,2916.097721627799,3170.61978809406,254.5220664662611,0,0,0
193,6,4,775.8236410063338,2691.9245341188644,3144.8941770390798,452.9696429202154,0,0,0
194,6,4,909.0757515794237,2728.3646961620443,3131.687676213145,403.3229800511008,0,0,0
195,7,5,890.4714797833349,2817.4918831513764,3133.389704642491,315.8978214911144,0,0,0
196,7,4,848.2160754780275,2673.575528793208,3293.9747972100918,620.3992684168838,0,0,0
197,6,3,869.0679673639243,2713.313775186296,2993.5150156013706,280.2012404150746,0,0,0
198,7,4,891.3407077756133,2696.2651022601035,3270.7302166403774,574.4651143802739,0,0,0
199,7,6,911.7257828017424,2847.9699775728063,3109.5546904702246,261.5847128974183,0,0,0
200,7,5,911.8086906343226,2802.508616773858,3042.2231723358486,239.71455556199044,0,0,0
201,8,6,914.6789438475455,2816.3475636911107,3212.513309876694,396.16574618558343,0,0,0
202,7,5,867.238030725406,2754.623696028072,3088.3863517960326,333.7626557679605,0,0,0
203,6,3,860.741210231867,2745.085270557869,2999.156406169365,254.07113561149572,0,0,0
204,8,6,911.3570032297865,2757.6414566435124,3094.969632097637,337.32817545412445,0,0,0
205,7,4,886.7080438499814,2741.2289359758565,3139.592201012392,398.36326503653527,0,0,0
206,8,6,941.7893274437624,2672.2475915038945,3080.7660304407605,408.518438936866,0,0,0
207,6,5,882.274268377326,2815.5880800320742,3188.3194657686554,372.73138573658116,0,0,0
208,7,4,879.2245347373638,2698.2202445714597,3278.874004030821,580.6537594593615,0,0,0
209,6,4,857.1106752631378,2784.6931805338445,3054.6814511625794,269.9882706287349,0,0,0
210,8,5,823.6783631683686,2728.5563757185982,3213.0985523990175,484.5421766804193,0,0,0
211,6,4,862.8040652898105,2739.319951667748,3109.8024532191416,370.48250155139385,0,0,0
212,7,6,881.4792627971767,2744.5078114113467,3217.765401894167,473.25759048282043,0,0,0
213,7,5,828.2006438123489,2709.0524572793415,3252.5512113459945,543.498754066653,0,0,0
214,7,5,910.9041351504611,2601.5346047554744,3206.990114066017,605.4555093105428,0,0,0
215,7,5,879.1836092211261,2778.78269676906,3204.128791501172,425.3460947321123,0,0,0
216,6,4,840.4521142611609,2773.038994349099,3321.4925755554395,548.4535812063405,0,0,0
217,8,5,876.0325955786905,2761.398991680482,3214.8201594947677,453.4211678142856,0,0,0
218,7,5,905.5744563919553,2839.231794387814,3055.7520700931723,216.52027570535847,0,0,0
219,7,5,823.5250871818978,2724.232715552987,3152.3215640175763,428.0888484645893,0,0,0
220,6,5,869.4527376720391,2733.298815096643,3252.1852110071513,518.8863959105083,0,0,0
221,7,4,878.4415301705802,2766.8669559319396,3343.0978673462564,576.2309114143168,0,0,0
222,6,4,905.4862158602182,2625.239802851236,3202.7274341945827,577.4876313433465,0,0,0
223,8,5,890.7812341436857,2703.0240710704616,3146.229499051569,443.2054279811073,0,0,0
224,6,4,913.0608320143849,2719.3163496300403,3114.4771266588673,395.16077702882694,0,0,0
225,7,5,865.9585150446334,2822.5381467699394,3171.6210374193365,349.0828906493971,0,0,0
226,6,5,838.0847627115465,2672.6551713775593,3198.5416913557037,525.8865199781444,0,0,0
227,6,4,851.6096530208793,2826.9249447379784,3203.9092967788097,376.98435204083125,0,0,0
228,7,4,861.8163038562435,2829.5611359300265,3074.7445338642606,245.1833979342341,0,0,0
229,9,5,797.8748300709548,2713.9274018692363,3120.918785481354,406.9913836121177,0,0,0
230,6,4,907.653275467936,2643.4290133484,3211.9507834221804,568.5217700737803,0,0,0
231,8,7,752.0148886560831,2669.6609710573257,3081.173193455586,411.5122223982603,0,0,0
232,6,4,877.3037256318593,2707.9223858191453,3099.745084775362,391.82269895621675,0,0,0
233,8,4,907.120043206817,2746.9399586374007,3073.0271864709607,326.08722783356006,0,0,0
234,6,5,905.9804774973838,2753.4320805720095,3248.8724301814955,495.440349609486,0,0,0
235,6,3,785.8604281649649,2654.4737841946735,3169.0032665207314,514.5294823260579,0,0,0
236,7,4,775.5664676722532,2586.7241035510015,3102.671730510905,515.9476269599036,0,0,0
237,5,4,818.2280162311871,2804.3488967051485,3188.8390003517466,384.4901036465981,0,0,0
238,7,4,810.6203450858427,2690.6358911372304,3073.932326189334,383.2964350521038,0,0,0
239,7,6,845.624663810453,2731.992123238566,3210.9603208962126,478.96819765764667,0,0,0
240,6,5,899.6358428585478,2665.440277465336,3031.7797983527353,366.33952088739943,0,0,0
241,6,4,880.9468277678112,2719.6781104228435,3255.745341759507,536.0672313366636,0,0,0
242,6,5,913.208461891095,2864.938858379916,3262.256401900456,397.31754352053986,0,0,0
243,6,4,853.6038484279419,2741.5987996442877,3082.108945151413,340.51014550712534,0,0,0
244,7,5,821.7813657307416,2787.9127289108433,3134.784634445943,346.8719055350998,0,0,0
245,6,5,898.6994758868358,2616.6123650740374,3065.0530631482243,448.4406980741869,0,0,0
246,8,5,773.7971332141146,2620.810929676616,3051.3937209318683,430.58279125525223,0,0,0
247,7,4,849.0121085686534,2609.802754966077,3186.710156789253,576.9074018231759,0,0,0
248,6,5,805.7514043999316,2551.479593152295,3224.123280818133,672.6436876658381,0,0,0
249,9,6,886.907243730333,2731.874701714254,3183.6232874907187,451.74858577646455,0,0,0
250,7,5,862.5907817896001,2647.142398886355,3070.981037488468,423.83863860211295,0,0,0
251,8,7,797.7343090291,2743.7099070919235,3031.44373874333,287.7338316514065,0,0,0
252,7,4,891.3466938513303,2642.062268595428,3074.905223231365,432.8429546359371,0,0,0
253,8,5,874.103906488678,2669.904705336038,3097.9708654304845,428.06616009444633,0,0,0
254,8,6,823.5366074809511,2763.6082224176844,3146.494761907526,382.88653948984165,0,0,0
255,6,5,815.726111686443,2755.1159476869498,3114.9355115784297,359.8195638914799,0,0,0
256,7,5,905.7154186547751,2753.6927518314187,3147.5807289295144,393.8879770980957,0,0,0
257,8,7,919.3199087778725,2771.7343697832857,3213.51781572942,441.7834459461342,0,0,0
258,8,7,820.319137475668,2638.304270747311,3096.7680209801206,458.4637502328096,0,0,0
259,6,5,867.3202645183462,2789.116860641081,3347.766495045772,558.6496344046909,0,0,0
260,7,5,860.8705462228241,2888.1148032678566,3171.5626153260055,283.4478120581489,0,0,0
261,7,4,895.9473688724865,2747.8222462050776,3289.622715537826,541.8004693327484,0,0,0
262,7,4,910.6556010423948,2741.94744027909,3228.369213672168,486.42177339307773,0,0,0
263,6,4,888.4095577708,2698.221183782656,3070.065046218455,371.84386243579866,0,0,0
264,7,5,813.328189160523,2816.613105009168,3166.04525867688,349.4321536677121,0,0,0
265,6,5,866.3266102194453,2743.542014649993,3286.161400887467,542.6193862374744,0,0,0
266,6,4,876.3207190974462,2844.2904002886644,3061.2338742083257,216.9434739196613,0,0,0
267,6,4,830.6968928983068,2770.8467584575715,3140.8228051762308,369.9760467186593,0,0,0
268,7,4,886.6442908969996,2726.959693259217,3132.0391307810655,405.0794375218484,0,0,0
269,5,4,781.2862585529448,2840.8611880072895,2964.083082971459,123.22189496416968,0,0,0
270,7,6,844.2606150523676,2805.96806112095,3204.7184746927305,398.7504135717804,0,0,0
271,6,5,897.7668408661908,2857.876537505861,3164.3572357548687,306.4806982490077,0,0,0
272,7,4,874.9343332086621,2604.525376620447,3127.0695022506093,522.5441256301624,0,0,0
273,5,3,865.8769860933717,2764.6406290725495,3058.8311593101785,294.190530237629,0,0,0
274,5,3,804.391235485169,2825.218545756946,3294.996769037073,469.77822328012735,0,0,0
275,8,5,902.4777440701247,2667.282545809654,3137.8858610832194,470.6033152735654,0,0,0
276,6,5,856.0092707351597,2859.0188001916777,3163.120041444512,304.10124125283437,0,0,0
277,6,3,835.2732354225495,2583.6093441620123,3121.3019454474106,537.6926012853983,0,0,0
278,5,4,897.7476116115511,2424.33475652273,3136.4429792941555,712.1082227714255,0,0,0
279,8,5,828.1635270825379,2717.5182279247088,3159.6776378717645,442.1594099470558,0,0,0
280,8,5,818.7597475028182,2722.12143173825,3134.699030887094,412.577599148844,0,0,0
281,8,5,907.1743410465615,2740.6549088663496,3149.6370321327936,408.982123266444,0,0,0
282,8,5,846.1420258768046,2791.630998480943,3184.846975080951,393.2159766000077,0,0,0
283,7,4,876.3511358761075,2834.9952432067385,3178.278700019368,343.28345681262954,0,0,0
284,8,5,852.4951911276943,2654.314259040687,3027.3023796741786,372.9881206334917,0,0,0
285,7,4,900.0916268444131,2756.001466647526,3181.947918315655,425.94645166812916,0,0,0
286,8,6,782.8686603705592,2633.5464263617714,3169.2328874862346,535.6864611244632,0,0,0
287,6,4,855.1382424675161,2793.4736405347603,3204.97176218962,411.4981216548599,0,0,0
288,8,6,890.1764323791006,2558.4936993297815,3047.17943001658,488.6857306867987,0,0,0
289,7,4,851.8675813275612,2768.798331401265,3173.71532337682,404.916991975555,0,0,0
290,7,4,879.5835058288432,2744.5789569704775,3239.5432942008206,494.96433723034306,0,0,0
291,6,4,862.5358510202251,2736.9969917549697,3103.314206084353,366.3172143293832,0,0,0
292,7,5,900.6413381794857,2839.1650556781824,3120.3840077485315,281.21895207034913,0,0,0
293,7,5,905.2553841485625,2833.9271043711988,3219.9444362522395,386.0173318810407,0,0,0
294,7,5,933.2960531340524,2744.7805889571528,3220.0241075037984,475.24351854664565,0,0,0
295,7,6,869.4721708389926,2619.2473241122852,3173.180095199809,553.9327710875236,0,0,0
296,6,4,881.7408228179437,2792.8243840472737,3267.726142413739,474.9017583664654,0,0,0
297,7,5,829.5628531022076,2749.4244410267875,3180.10313158627,430.6786905594827,0,0,0
298,7,5,864.7244682374375,2705.8871663031186,3071.385888014614,365.49872171149536,0,0,0
299,7,5,881.7433557189566,2656.801311460655,3082.7819725332456,425.98066107259046,0,0,0
300,9,7,919.917299796949,2739.309804863687,3202.8225956570072,463.51279079332016,0,0,0
301,8,5,915.0970289233119,2747.613316861225,3108.350271023065,360.73695416184,0,0,0
302,7,5,919.1750937027437,2766.626313461498,3152.794504884812,386.16819142331406,0,0,0
303,7,5,881.0651118665817,2657.467808029684,3017.5946929676334,360.1268849379494,0,0,0
304,8,5,884.3757346307954,2686.648511081226,2995.5393440765292,308.8908329953033,0,0,0
305,7,5,904.8199188540266,2625.551391969547,3179.7417975512562,554.1904055817095,0,0,0
306,6,4,857.3556412214072,2800.930160385103,3131.089454016516,330.15929363141277,0,0,0
307,8,7,892.4575867652941,2782.5917375289223,3183.8421503223813,401.25041279345896,0,0,0
308,6,5,908.665853524632,2703.623063988441,3202.02770679525,498.4046428068091,0,0,0
309,7,5,839.4241544203287,2708.3277904584897,3151.912378489146,443.58458803065605,0,0,0
310,7,4,829.5728246613043,2691.2589085308127,3177.515037248289,486.25612871747626,0,0,0
311,6,3,842.7469638328741,2695.035755495801,3070.4702626300796,375.43450713427865,0,0,0
312,8,5,886.148570888736,2798.4067603535536,3203.047738698484,404.6409783449303,0,0,0
313,7,4,900.5171218853972,2713.037375881198,3162.59307163955,449.55569575835216,0,0,0
314,6,3,898.2505087182916,2642.5519635858914,3024.003972626882,381.45200904099056,0,0,0
315,7,5,894.7161942634463,2733.702876041342,3169.6212669842303,435.91839094288844,0,0,0
316,6,4,761.7877383776145,2772.1358153425113,3145.424327127937,373.2885117854257,0,0,0
317,7,5,895.619523068212,2788.482076814472,3056.0976586458396,267.61558183136776,0,0,0
318,6,4,859.8183570183683,2731.9696262868256,3242.234933488929,510.2653072021035,0,0,0
319,8,5,898.0925890511801,2841.986546976283,3149.790374573104,307.80382759682107,0,0,0
320,9,7,882.9715654080494,2784.203750684226,3094.1386194786132,309.93486879438706,0,0,0
321,7,5,902.450336062885,2724.291375724496,3112.4156048077766,388.1242290832806,0,0,0
322,7,5,879.8692686314622,2570.574536220568,3121.6012472541092,551.0267110335412,0,0,0
323,7,5,871.244690135832,2692.7576246852987,3236.737244107618,543.9796194223195,0,0,0
324,7,4,889.6328552225216,2754.3096140970206,3191.654479996304,437.3448658992834,0,0,0
325,6,4,869.1327596350311,2655.457807898328,3078.1077977922923,422.6499898939642,0,0,0
326,6,3,855.4186532548517,2869.0421196798693,3281.7484444688607,412.7063247889914,0,0,0
327,8,4,857.0021755063883,2818.731519136021,3145.0265306254096,326.2950114893888,0,0,0
328,8,6,895.9864462338156,2657.2919768131774,3036.2309469278202,378.93897011464287,0,0,0
329,8,5,908.0436103442785,2778.9120413841115,3133.1965087651397,354.2844673810282,0,0,0
330,7,5,861.942245705518,2727.050796647235,3150.1999170428285,423.1491203955934,0,0,0
331,8,6,863.8466170836224,2648.8213740002157,3082.5039517053547,433.682577705139,0,0,0
332,8,6,880.9052826276476,2869.73282874373,3125.804638854592,256.0718101108623,0,0,0
333,7,4,893.0422090348416,2692.3734834170823,3172.676183237021,480.3026998199389,0,0,0
334,9,5,883.5520668817088,2804.956450641401,3226.585049693786,421.6285990523852,0,0,0
335,8,5,889.6809751045415,2697.3052729862884,3091.0430099486125,393.7377369623241,0,0,0
336,7,5,867.3086799327673,2788.3936556407384,2946.059288698533,157.66563305779437,0,0,0
337,8,5,921.180201956668,2750.789046367638,3238.6487262535647,487.85967988592665,0,0,0
338,7,4,802.9942988469656,2559.0126225132817,3154.9691428423866,595.9565203291049,0,0,0
339,9,6,928.2308997337716,2751.6801229396356,3181.780531782267,430.1004088426316,0,0,0
340,7,5,841.7720680989188,2601.0555867553044,3116.682701335029,515.6271145797245,0,0,0
341,5,4,898.8417910704724,2810.3598504526676,3291.8727445275345,481.51289407486684,0,0,0
342,7,5,845.6101218726282,2777.8078027300985,3041.0822451081203,263.27444237802183,0,0,0
343,8,5,768.5217081201737,2746.2709929189896,3181.930385295791,435.6593923768014,0,0,0
344,8,6,885.1668174107512,2682.8232690041696,3083.232786612842,400.40951760867256,0,0,0
345,9,6,874.6086008645759,2686.7754632572833,3155.4587408431507,468.6832775858675,0,0,0
346,6,5,870.9668936382785,2893.150574452257,3209.8172897489007,316.6667152966438,0,0,0
347,7,4,905.8906123244371,2728.4685332263016,3182.49669143797,454.0281582116686,0,0,0
348,7,4,835.164821125864,2796.595430837295,3225.5267084076004,428.93127757030516,0,0,0
349,6,3,821.8251183133115,2630.132511583437,3141.058191548627,510.92567996518983,0,0,0
350,8,6,827.7796653635213,2749.8066617276577,3022.2612953576186,272.4546336299609,0,0,0
351,8,5,863.0271997970749,2835.7137624335146,3191.7061320177104,355.9923695841958,0,0,0
352,6,4,805.6797523849706,2639.277028984216,3194.525454894445,555.2484259102289,0,0,0
353,7,6,887.1797361100033,2681.5081236392994,3279.5775568645254,598.069433225226,0,0,0
354,7,5,864.4891928704562,2760.888215407461,3050.408338990959,289.52012358349793,0,0,0
355,8,5,898.6211006501328,2873.776322599612,3220.3936137165056,346.61729111689374,0,0,0
356,6,4,842.0905248506111,2684.176790933285,3118.8188946197984,434.64210368651356,0,0,0
357,7,5,759.1250158430336,2724.5256197646313,3099.538763937149,375.0131441725175,0,0,0
358,7,5,880.966943596868,2747.3062881410024,3300.85379527388,553.5475071328779,0,0,0
359,7,5,882.9390967394642,2621.018314091292,3142.3710280041887,521.3527139128969,0,0,0
360,7,6,796.843658027022,2787.390141259546,3155.8628816007526,368.47274034120665,0,0,0
361,7,4,838.6697066043932,2595.8208736456418,3142.6483133384736,546.8274396928318,0,0,0
362,8,6,802.4026556985376,2723.323152130135,3076.3690701107985,353.0459179806635,0,0,0
363,8,5,779.17138127615,2695.062909634937,3094.5286282540887,399.46571861915163,0,0,0
364,8,5,852.1816574078172,2829.907866264493,3267.664711478891,437.75684521439825,0,0,0
365,8,6,821.7219836744646,2685.80997849847,3089.465795426884,403.65581692841397,0,0,0
366,7,6,857.9555659181332,2770.576576970777,3116.2541631162017,345.6775861454248,0,0,0
367,6,4,846.2518221477011,2735.1755589100762,2994.1717933614673,258.99623445139105,0,0,0
368,6,5,887.5085350261731,2542.5488699536822,3074.784718749763,532.235848796081,0,0,0
369,6,4,869.6631604164711,2614.433898203947,3087.915790271145,473.4818920671978,0,0,0
370,7,4,862.0820773893411,2701.680585736849,3026.194900985987,324.5143152491378,0,0,0
371,8,4,837.9323437712529,2676.527981407986,3229.2008329837226,552.6728515757368,0,0,0
372,8,5,879.417262095317,2605.2630225307416,3266.732585539777,661.4695630090355,0,0,0
373,7,6,781.3037986369472,2769.639698854511,3135.494518049322,365.8548191948107,0,0,0
374,6,4,931.2685640846133,2696.110881728031,3227.3662153322853,531.2553336042542,0,0,0
375,6,5,762.7004396742153,2677.4209981664894,3204.2808100212997,526.8598118548102,0,0,0
376,7,6,882.324287653608,2698.3651304785244,3012.7635112909693,314.3983808124449,0,0,0
377,7,5,872.188999227686,2814.3786329863724,3261.625053680878,447.24642069450556,0,0,0
378,7,5,919.5576296477769,2782.3338417731693,3105.7973374860017,323.46349571283235,0,0,0
379,8,5,890.8031763232038,2730.0945353807365,3143.5802972901797,413.4857619094432,0,0,0
380,6,5,839.9503569068745,2700.7923310803367,3122.6512853512977,421.858954270961,0,0,0
381,7,4,873.5245504289102,2837.3552823959317,3058.583288265497,221.2280058695651,0,0,0
382,8,5,925.221060334535,2664.08314303531,3104.838746038703,440.75560300339293,0,0,0
383,7,5,893.3144018396439,2764.187284766346,3076.060612308009,311.873327541663,0,0,0
384,7,5,816.7633037586272,2726.8072633001952,3003.9642253286393,277.156962028444,0,0,0
385,6,4,906.3296896194774,2800.183707760677,3143.6005669847477,343.4168592240708,0,0,0
386,8,6,883.5103034518836,2688.932497837212,3299.2388506589023,610.3063528216903,0,0,0
387,9,6,901.3426222160017,2669.2339695607425,3204.421592191964,535.1876226312215,0,0,0
388,8,5,917.588526968204,2815.875796624485,3236.806487741633,420.9306911171484,0,0,0
389,8,6,842.6827490685448,2705.629813624784,3151.763702177659,446.13388855287485,0,0,0
390,6,3,830.897338792317,2769.8466308556112,3208.513165102559,438.6665342469478,0,0,0
391,6,4,877.3667476699567,2650.1442486347137,3087.5104535963615,437.3662049616478,0,0,0
392,7,5,886.0482876024621,2678.2731480507828,3066.082768481473,387.8096204306903,0,0,0
393,8,7,890.1666684386099,2679.7982069193,3240.3880890683995,560.5898821490996,0,0,0
394,7,6,813.3722949232483,2694.8474186434496,3295.049360980235,600.2019423367856,0,0,0
395,6,4,868.1390538117022,2752.5563843858286,3258.80353363056,506.24714924473165,0,0,0
396,8,5,903.2816634844645,2726.102329944645,3203.801075365345,477.69874542069965,0,0,0
397,7,4,874.481639931983,2784.2485062073615,3188.132311144325,403.8838049369633,0,0,0
398,8,5,886.9051552822024,2676.8687365701867,3169.1339909850803,492.26525441489366,0,0,0
399,7,6,830.0581051883946,2837.8774928192893,3245.936842391376,408.05934957208683,0,0,0
400,7,4,855.64959071393,2700.558506878632,3120.6608817975884,420.10237491895623,0,0,0
401,6,4,850.0754598384646,2698.0860317188644,3221.55087094929,523.4648392304257,0,0,0
402,7,6,871.0071198398902,2826.744542623499,3241.2027312567384,414.4581886332394,0,0,0
403,8,5,855.8740595374849,2709.3927687083415,3216.217786100736,506.82501739239433,0,0,0
404,6,5,883.6257065057056,2766.579820586309,3202.9521576154943,436.3723370291855,0,0,0
405,8,6,909.913716359257,2652.5115427706714,3030.407589432835,377.89604666216337,0,0,0
406,7,5,848.564895070438,2712.239072359545,3371.181390798519,658.9423184389739,0,0,0
407,6,4,851.1353939726265,2652.8769974007405,3145.6411684188934,492.76417101815287,0,0,0
408,7,5,875.1756375991621,2775.216020436296,3273.6138692149957,498.3978487786999,0,0,0
409,7,6,870.1169458074487,2612.887043113384,3124.1100795856937,511.22303647230956,0,0,0
410,9,6,918.4394594938398,2794.2147269534257,3115.3973045227017,321.18257756927596,0,0,0
411,8,6,889.614537713407,2703.9231255866134,3238.2663559814464,534.343230394833,0,0,0
412,7,5,856.3823590293962,2691.9767109692802,3284.8502224825997,592.8735115133195,0,0,0
413,6,4,871.9929923440595,2825.621233560941,3198.0803660050924,372.45913244415124,0,0,0
414,6,6,880.7040944492726,2660.509624521153,3096.0088111128644,435.49918659171135,0,0,0
415,9,6,891.9516709629446,2532.7410678830133,3172.3682208795954,639.627152996582,0,0,0
416,6,3,832.5296287943839,2540.4498544465314,3209.24578399301,668.7959295464784,0,0,0
417,8,5,878.5346812984062,2635.6917578269567,2992.548491494537,356.8567336675801,0,0,0
418,6,4,867.6859486691455,2797.738320634569,3191.001802760106,393.26348212553694,0,0,0
419,8,5,914.7169455802469,2601.176289502466,3149.445948401557,548.2696588990912,0,0,0
420,6,4,889.9732182673622,2684.528182781469,3085.125321645434,400.59713886396503,0,0,0
421,6,6,868.4762244467887,2607.4087041229313,3152.6092970357154,545.200592912784,0,0,0
422,9,5,856.1595542522372,2814.0844408630555,3099.5897537555284,285.50531289247283,0,0,0
423,6,4,901.0122443190754,2630.9595718729506,3156.7085468152336,525.748974942283,0,0,0
424,8,6,792.0864018918206,2814.0891134379117,3293.0589225031085,478.96980906519684,0,0,0
425,8,7,722.314618968573,2730.301307074941,3171.292146693585,440.9908396186438,0,0,0
426,8,6,814.196687017787,2744.3038365650136,3139.761929699212,395.4580931341984,0,0,0
427,8,6,898.861250989756,2687.0633180041323,2954.3770044476637,267.3136864435314,0,0,0
428,6,4,763.0406233300995,2763.4670331532284,3168.3548729368986,404.8878397836702,0,0,0
429,7,5,879.9333771049025,2615.3670707019182,3061.1834970458863,445.81642634396803,0,0,0
430,8,6,916.1026276236058,2512.9594527157433,3111.3899739283033,598.43052121256,0,0,0
431,6,4,874.5903177812337,2646.8518069072916,3182.5413196474274,535.6895127401358,0,0,0
432,7,5,860.1933406012747,2802.983692365074,3071.9593657064097,268.97567334133555,0,0,0
433,7,4,851.5151618332076,2720.482855658816,3281.1140824232684,560.6312267644525,0,0,0
434,7,6,875.9033518511501,2723.9962788565936,3091.3014326540742,367.30515379748067,0,0,0
435,7,4,882.2241256840423,2607.208722966576,3112.3893685290377,505.1806455624619,0,0,0
436,8,6,850.1591417376667,2798.6233515187096,3266.069225986636,467.4458744679264,0,0,0
437,7,5,890.0889887340145,2626.6403494219935,3113.5768949005396,486.9365454785461,0,0,0
438,9,8,931.5931031266632,2777.742033956517,3191.5384638774217,413.79642992090476,0,0,0
439,6,4,825.4319588619363,2783.221922399242,3071.7550267227853,288.5331043235433,0,0,0
440,8,5,827.2648150685201,2797.261713279985,3191.698842304781,394.4371290247959,0,0,0
441,6,4,818.3091405202942,2839.5532179788297,3157.6569131454,318.1036951665701,0,0,0
442,6,4,821.7616439805165,2818.414491852933,3193.346333544993,374.9318416920596,0,0,0
443,7,5,791.7998702556151,2823.8440692486743,3140.6640203935694,316.8199511448952,0,0,0
444,8,5,886.3188639999108,2759.1190882660167,3153.345828926758,394.22674066074114,0,0,0
445,7,4,854.8144990613686,2624.29537464711,3114.2260298436768,489.93065519656693,0,0,0
446,7,5,886.1983077873774,2607.840745575572,3250.0681585722887,642.2274129967168,0,0,0
447,8,6,880.8355890896715,2714.85674870432,3265.8929740106,551.0362253062799,0,0,0
448,7,4,883.0631324744994,2825.8725316835826,3221.329149813698,395.45661813011566,0,0,0
449,7,5,770.9370438187042,2668.294627172254,3078.987061072476,410.6924339002221,0,0,0
450,5,4,844.5237056396865,2752.191694383189,3238.6097030873275,486.41800870413863,0,0,0
451,7,5,896.2337121611868,2759.339022555701,3118.174245850466,358.835223294765,0,0,0
452,7,5,900.0601598739831,2735.1461638681235,3139.1674500778427,404.02128620971916,0,0,0
453,8,5,887.4619607075385,2799.6731581311947,3157.4921902689234,357.81903213772875,0,0,0
454,6,5,881.5372057523733,2766.979067183923,3221.800133217154,454.8210660332311,0,0,0
455,7,4,802.3920728880425,2692.564276840013,3165.4097527625863,472.8454759225733,0,0,0
456,7,6,910.5047633799998,2782.200695773336,3323.353972053924,541.1532762805878,0,0,0
457,6,4,864.1364817971407,2704.739287858299,3042.0125012873295,337.2732134290304,0,0,0
458,7,4,885.8392189712988,2726.1341687300765,3022.0499760117386,295.9158072816622,0,0,0
459,8,5,899.5060747628604,2747.275838378315,3094.6524276135665,347.3765892352517,0,0,0
460,7,5,842.4552414500439,2692.3049836822115,3117.0975433800368,424.79255969782525,0,0,0
461,7,4,834.239339035567,2687.365312918601,3271.156281878059,583.790968959458,0,0,0
462,7,4,890.6160588012846,2744.5116721788386,3307.300164015497,562.7884918366585,0,0,0
463,8,6,919.2588035916285,2699.0535752337983,3090.9237796899993,391.870204456201,0,0,0
464,8,6,816.7017274452355,2781.1372672134376,3156.2916996931813,375.1544324797437,0,0,0
465,8,5,878.883896748106,2630.4005945687395,3193.6409630433373,563.2403684745977,0,0,0
466,6,4,838.2911444020235,2757.5816594727557,3119.7023035341817,362.120644061426,0,0,0
467,7,6,890.2113308900858,2683.3377339260246,3071.103386939462,387.76565301343726,0,0,0
468,8,5,890.0407034766913,2802.9082768908656,3149.0440711862243,346.13579429535866,0,0,0
469,7,4,876.3673771979882,2641.5528418692056,3129.4540624105666,487.901220541361,0,0,0
470,9,6,883.0675551186595,2711.8818676379124,3191.522345371569,479.64047773365655,0,0,0
471,7,5,826.9445334006413,2779.5970652760893,3251.5481628777316,471.95109760164223,0,0,0
472,5,5,878.5592739439137,2816.376898077872,3098.9042497809887,282.5273517031169,0,0,0
473,8,5,852.5573410692508,2728.4471524350874,3125.8385377999925,397.3913853649051,0,0,0
474,6,4,829.3832184896028,2644.5817085831845,3069.1460976059643,424.5643890227798,0,0,0
475,8,5,891.3388005749027,2653.343305554198,3184.264001247304,530.9206956931057,0,0,0
476,6,5,847.7245431161036,2728.9059958882017,3143.863003278042,414.9570073898403,0,0,0
477,6,5,831.2067912753464,2750.829870514294,3166.763279930931,415.933409416637,0,0,0
478,7,5,870.4808250409419,2697.8834370487575,3081.6454042908,383.7619672420424,0,0,0
479,8,6,916.6119734206234,2667.8527876583835,3068.625193059069,400.77240540068533,0,0,0
480,7,5,822.3497840317182,2806.9445065947407,3051.417750387948,244.47324379320753,0,0,0
481,8,5,917.0744432894754,2851.2090464122894,3250.947362469643,399.7383160573536,0,0,0
482,7,5,843.6133545681303,2707.1941190958173,3279.2676498125056,572.0735307166883,0,0,0
483,8,8,826.3957932409272,2633.8885665010976,3044.413582091536,410.5250155904382,0,0,0
484,6,5,814.3521181891532,2860.7024159524817,3219.040043258086,358.3376273056042,0,0,0
485,6,3,856.5163239337946,2730.1006506278486,3349.411664713927,619.3110140860786,0,0,0
486,6,4,854.7917909643207,2818.8280330332036,3166.8220000310835,347.99396699787985,0,0,0
487,8,6,888.2481088626122,2763.720795862336,3289.2965027038563,525.5757068415201,0,0,0
488,7,4,826.421595214372,2817.645085887851,3134.4707937654916,316.8257078776405,0,0,0
489,8,5,840.9810641125755,2650.338816518042,3048.96585674298,398.6270402249379,0,0,0
490,7,5,827.3229898515394,2736.1616462270927,3214.0926510211857,477.93100479409304,0,0,0
491,6,5,895.7988057800205,2865.879882114398,3152.779571887447,286.89968977304943,0,0,0
492,7,4,915.5531122580122,2741.308534540583,3070.7372647293414,329.42873018875844,0,0,0
493,8,5,860.7945559856615,2773.669779864881,3188.471666507933,414.80188664305206,0,0,0
494,7,4,893.9475810863227,2675.9407829750994,3132.877712104642,456.9369291295425,0,0,0
495,8,5,865.5548037015648,2815.3443794613963,3296.9251176880057,481.58073822660936,0,0,0
496,9,6,932.671009087216,2886.7036236298736,3203.379889444743,316.67626581486957,0,0,0
497,7,4,888.3288906977856,2764.796149232776,3056.211460308818,291.41531107604214,0,0,0
498,6,6,846.7588240207843,2888.6257185184286,3250.2772236625365,361.6515051441079,0,0,0
499,8,5,896.9717795511133,2790.040562871274,3198.378077599877,408.3375147286033,0,0,0
500,8,6,883.778121054105,2744.725168732367,3085.006414062406,340.2812453300389,0,0,0
501,7,5,869.7882228760791,2646.5020943004606,3181.6728366272728,535.1707423268122,0,0,0
502,7,5,861.3780692189661,2771.35567004529,3084.4340332713523,313.07836322606227,0,0,0
503,6,4,845.9276333687013,2729.1541123842585,3028.661793073411,299.5076806891525,0,0,0
504,7,5,913.4089644115112,2670.7805318764895,3177.4840305735192,506.7034986970298,0,0,0
505,7,4,904.5732515083032,2755.5037290005953,3225.0832473553746,469.57951835477934,0,0,0
506,9,6,883.7310672211158,2716.0323228865686,3063.256189011049,347.22386612448054,0,0,0
507,7,5,846.4451919235328,2719.028801677894,3053.108000549236,334.07919887134176,0,0,0
508,6,5,786.6564141605483,2807.2192585266275,3156.714374203951,349.4951156773236,0,0,0
509,7,5,797.6038972150769,2715.387166519447,3285.7744985039535,570.3873319845065,0,0,0
510,9,6,910.1125975598912,2843.339326239842,3175.889087954283,332.5497617144406,0,0,0
511,8,5,849.218609166509,2633.4224412115095,3227.204367169355,593.7819259578455,0,0,0
512,6,4,848.3199434560083,2680.3945958764916,3203.7502992613117,523.3557033848201,0,0,0
513,6,4,888.4274413182476,2666.016131909614,3288.7603908482615,622.7442589386474,0,0,0
514,7,4,825.6336709076699,2872.5214546614857,3103.4967569475216,230.9753022860359,0,0,0
515,7,5,810.4074609743883,2707.339226101295,2990.206544362548,282.8673182612529,0,0,0
516,5,4,881.599976373962,2662.2026495195573,3150.5409583148826,488.33830879532525,0,0,0
517,5,4,886.625764441929,2718.621365982221,3179.7859086434537,461.16454266123264,0,0,0
518,6,4,740.8016059466279,2590.1709029962917,3224.127595916772,633.9566929204802,0,0,0
519,8,6,884.7154930552146,2777.0300262240507,3153.2597143392018,376.229688115151,0,0,0
520,7,5,848.3139491752854,2741.889020826695,3289.3429726080685,547.4539517813737,0,0,0
521,9,7,871.4641471353478,2839.204088539306,3247.5490898957837,408.3450013564775,0,0,0
522,7,5,832.8549377138486,2755.717662218686,3130.1813642857765,374.46370206709025,0,0,0
523,8,5,896.9342669221929,2798.9386447275733,3028.431648349298,229.4930036217247,0,0,0
524,8,6,896.9130447906036,2735.4949138759425,3161.6999085331227,426.2049946571801,0,0,0
525,8,7,951.2487671833808,2790.137401781456,3238.270173056943,448.1327712754869,0,0,0
526,9,6,875.728524053275,2681.2250490543634,3151.6641688439486,470.4391197895852,0,0,0
527,7,6,859.369663285025,2726.0873413925283,3013.4728567216407,287.3855153291124,0,0,0
528,8,6,883.3133748828279,2683.0691273797943,3091.824178587959,408.7550512081648,0,0,0
529,7,5,850.5442400179834,2686.8198900382017,3273.638344863447,586.8184548252452,0,0,0
530,7,5,851.3739726389167,2735.7217473336136,3113.390449764633,377.6687024310195,0,0,0
531,7,5,832.0541578811908,2873.5553079683987,3117.70784969377,244.15254172537152,0,0,0
532,8,7,890.7042783887626,2599.761216758136,3243.4057472379486,643.6445304798126,0,0,0
533,6,4,855.4315936133802,2826.1223441098327,3123.375275065275,297.2529309554425,0,0,0
534,6,4,871.4701825651157,2812.8523153984597,3239.6176175238925,426.76530212543275,0,0,0
535,7,4,879.0702432665927,2747.645345160708,3075.5168869868166,327.87154182610857,0,0,0
536,7,4,896.1324974412503,2707.226604976622,3227.6282775117966,520.4016725351744,0,0,0
537,7,5,849.9628135913215,2652.958489779014,3098.558521650226,445.60003187121174,0,0,0
538,7,4,840.0890612266869,2670.027732776974,3131.748040206772,461.72030742979814,0,0,0
539,6,4,897.3542812319936,2650.956835075097,3030.1811096598917,379.2242745847948,0,0,0
540,6,4,935.6011505077269,2756.0199493805194,3212.0123670827547,455.99241770223534,0,0,0
541,6,4,864.9619294135316,2741.0174149464015,3134.9542969553004,393.9368820088989,0,0,0
542,7,4,895.9925447643363,2877.455742021749,3228.8870438333684,351.4313018116195,0,0,0
543,7,5,881.0355795835043,2954.5382175934888,3234.235751416039,279.6975338225502,0,0,0
544,6,5,875.6083015344401,2897.226990578073,3155.165936699484,257.93894612141094,0,0,0
545,6,4,878.995040007932,2851.491102627828,3197.4557554481667,345.96465282033887,0,0,0
546,7,5,907.2757249506651,2749.6988517701843,3015.634736657875,265.93588488769046,0,0,0
547,8,5,865.008770284201,2765.3338411105296,3110.4967921744665,345.1629510639368,0,0,0
548,7,5,818.5194898712006,2764.962022318924,3117.366226599901,352.40420428097696,0,0,0
549,6,4,875.5727875492066,2682.203623778701,3193.843537743768,511.6399139650671,0,0,0
550,6,4,864.5236590753458,2768.3108511860387,3189.792165245694,421.48131405965523,0,0,0
551,7,5,906.5482803023569,2756.9057591667324,3201.7246007334643,444.81884156673186,0,0,0
552,9,6,828.9628225134986,2796.5994880970707,3315.1033874340096,518.503899336939,0,0,0
553,6,4,857.2691619552425,2921.3397348244735,3176.0143152734418,254.6745804489683,0,0,0
554,8,4,871.606230670296,2806.8459847330646,3138.93445711035,332.0884723772856,0,0,0
555,8,4,879.128259939518,2715.754714800484,3190.9494379341154,475.1947231336312,0,0,0
556,6,4,788.969191314195,2672.313205433869,3229.61498846416,557.3017830302911,0,0,0
557,7,4,874.6916260954434,2855.4510614332467,3064.109234528348,208.65817309510157,0,0,0
558,7,4,858.4764174544381,2609.1343858482983,3121.543585863049,512.4092000147507,0,0,0
559,6,5,872.0885654967707,2745.7536413142902,3093.5439385157374,347.7902972014472,0,0,0
560,7,5,858.7999929946931,2730.27620146845,3133.5234476362825,403.2472461678326,0,0,0
561,7,4,862.971709268193,2774.381170573908,3113.010935740381,338.6297651664727,0,0,0
562,7,4,878.5450296832835,2760.7202429256085,3210.6620671929486,449.94182426734005,0,0,0
563,6,4,809.9455529341458,2766.6458871568816,3096.6729617054434,330.0270745485618,0,0,0
564,7,5,879.6781613186002,2612.0468644920193,3112.3934910172943,500.34662652527504,0,0,0
565,7,5,867.534667880987,2882.0159651443273,3234.4438006451746,352.4278355008473,0,0,0
566,9,5,838.8637649233256,2809.4771209999694,3146.5863545093903,337.10923350942085,0,0,0
567,9,6,894.6222024915423,2679.417078723469,3105.119613157062,425.702534433593,0,0,0
568,7,6,905.0238825424191,2739.449660657804,3194.6446255104165,455.19496485261243,0,0,0
569,8,7,843.723047890121,2665.3263881762637,3038.6845562246012,373.3581680483376,0,0,0
570,7,5,832.6646625280729,2698.2221185132175,3172.4094138755167,474.1872953622992,0,0,0
571,7,4,904.0868176718432,2792.338002633717,3134.8316162352758,342.49361360155854,0,0,0
572,8,6,854.255624587658,2778.5224109813134,3154.287043679246,375.7646326979325,0,0,0
573,5,3,850.1797747265937,2732.199434701065,3128.760192065939,396.560757364874,0,0,0
574,6,4,890.5572512709173,2714.7131515812507,3163.7353276887984,449.0221761075477,0,0,0
575,7,4,867.8839212916872,2854.5907676154557,3369.3987634181135,514.8079958026578,0,0,0
576,7,5,825.0889717019463,2653.569162584961,3061.4245320306,407.8553694456391,0,0,0
577,7,4,876.9901927772556,2613.9326826896613,3081.608870651771,467.6761879621099,0,0,0
578,6,4,813.5429956803019,2812.4157865389457,3048.093758014811,235.67797147586543,0,0,0
579,6,5,822.1397342178118,2705.3233103804646,3218.600826443852,513.2775160633873,0,0,0
580,8,6,874.4582332165269,2666.2593533082036,3157.168759412625,490.9094061044216,0,0,0
581,7,4,918.3064560143733,2761.908013395791,3123.1383415449536,361.2303281491627,0,0,0
582,6,5,831.2550412013543,2717.841295253294,3080.4513008461477,362.61000559285367,0,0,0
583,6,4,822.0992476039041,2721.0586329625553,3182.2389163331313,461.18028337057603,0,0,0
584,5,4,818.6531574849371,2691.3967419509777,3225.81714379685,534.4204018458722,0,0,0
585,7,4,880.9623623503386,2818.8903991021725,3106.4772937579205,287.586894655748,0,0,0
586,6,5,866.2902821709678,2840.445329024914,3085.6906284174547,245.2452993925408,0,0,0
587,6,5,923.3767490225584,2637.27229713654,3154.239281969875,516.9669848333347,0,0,0
588,7,5,900.1518451427868,2785.8946650810694,3202.5016624678615,416.60699738679205,0,0,0
589,8,5,900.2663559162804,2670.1066507033065,3085.954917769805,415.84826706649847,0,0,0
590,7,5,887.3343060195166,2748.1751182917574,3084.8657856924424,336.690667400685,0,0,0
591,8,5,886.2929366509909,2626.931981089298,3174.049453033718,547.1174719444198,0,0,0
592,8,6,946.1832836906591,2868.8190767411133,3056.3191390898,187.5000623486867,0,0,0
593,7,4,884.6854209530161,2713.162163638449,3237.111202858238,523.949039219789,0,0,0
594,7,4,819.9014451854183,2760.003717646989,3115.8844507958356,355.8807331488465,0,0,0
595,9,6,931.0820330099172,2805.3341965025343,3163.861350131454,358.5271536289197,0,0,0
596,6,4,885.6849037520009,2662.5621900185047,3101.1267909060907,438.56460088758604,0,0,0
597,6,4,810.0218403412965,2663.4404639295512,3305.0359209298927,641.5954570003414,0,0,0
598,6,4,909.8261898666326,2617.7123556225906,3231.5472773331703,613.8349217105797,0,0,0
599,6,4,914.3420662911462,2808.6721838222084,3131.9964583888236,323.32427456661526,0,0,0
600,7,5,904.200642271204,2643.2094673386473,3270.5771381724558,627.3676708338085,0,0,0
601,7,5,897.1717363912915,2654.7158803002812,3043.0725523045885,388.35667200430726,0,0,0
602,5,3,771.1056791896009,2859.6557643533783,3199.5531577119373,339.89739335855893,0,0,0
603,6,4,851.0198476083043,2655.4765990315223,3082.037557032535,426.56095800101275,0,0,0
604,8,6,819.3660489260177,2815.1857566903914,3037.5124842809482,222.32672759055686,0,0,0
605,8,6,798.2489204166459,2817.0464184422167,3148.0365127655864,330.9900943233697,0,0,0
606,7,5,866.7804268749292,2741.7673889828034,3221.8046364799393,480.0372474971359,0,0,0
607,8,5,914.1179836737379,2688.667987882688,3071.302050630901,382.6340627482127,0,0,0
608,8,5,870.315992287514,2813.4865134250513,3228.2760808724092,414.78956744735797,0,0,0
609,7,5,814.3375260847573,2668.6682726142976,3151.7108374758304,483.0425648615328,0,0,0
610,7,5,851.0535004051159,2769.910460466807,3111.935498577748,342.0250381109413,0,0,0
611,6,4,854.3550335807779,2657.1079186397706,3277.610894582671,620.5029759429003,0,0,0
612,6,4,817.9566757811374,2737.237233637184,3176.6263899273886,439.3891562902045,0,0,0
613,8,6,918.2370430432251,2860.518635832768,3171.3827894562305,310.8641536234627,0,0,0
614,5,5,821.548958598683,2800.898253300829,3040.552493484163,239.65424018333397,0,0,0
615,6,4,853.4004716947718,2751.0089008422874,3177.5611798912278,426.55227904894036,0,0,0
616,7,4,860.6965100371755,2739.880350154615,3145.662682778939,405.7823326243242,0,0,0
617,6,5,837.8943369141413,2719.3495975246365,3223.822691571281,504.47309404664475,0,0,0
618,7,5,912.3327280051881,2730.987746738758,3129.1577993968285,398.17005265807074,0,0,0
619,8,6,919.8216408830381,2844.662233599649,3181.58037396771,336.9181403680609,0,0,0
620,8,6,912.4611541485111,2702.645966303873,3032.616832643998,329.97086634012476,0,0,0
621,7,5,869.7773271767098,2746.5718514272935,3045.532226356007,298.96037492871346,0,0,0
622,7,5,796.2358097841819,2739.4898501047396,3222.2991853670705,482.80933526233093,0,0,0
623,8,6,869.1564925857328,2814.611351891899,2994.5571632725964,179.94581138069725,0,0,0
624,8,5,895.9584389220723,2862.9308534974716,3268.714501268212,405.7836477707406,0,0,0
625,6,4,828.1387192776498,2687.602092185003,3137.1580161209035,449.5559239359004,0,0,0
626,7,4,897.1802896678954,2651.1368222806327,3197.592916732687,546.4560944520545,0,0,0
627,7,4,898.2120624657654,2707.353675651145,3139.3665088554885,432.0128332043437,0,0,0
628,8,7,866.9393008823242,2679.7162742735272,3072.565778921348,392.8495046478206,0,0,0
629,8,5,793.6562031233103,2750.29842992883,3077.3144418591355,327.01601193030547,0,0,0
630,8,6,903.6079284041402,2909.493585637617,3211.7904407718265,302.29685513420964,0,0,0
631,6,4,879.6461734070688,2751.234713417253,3200.4669332771687,449.23221985991586,0,0,0
632,6,4,810.0572325919693,2813.282114632379,3244.9319346835455,431.64982005116644,0,0,0
633,7,6,902.2262193301179,2897.811998375262,3176.9473191263914,279.13532075112926,0,0,0
634,7,4,832.6342643108084,2708.7798174886493,3142.1006743804583,433.32085689180894,0,0,0
635,7,4,819.6413091383782,2640.3482528592303,3152.472044632547,512.1237917733165,0,0,0
636,8,6,853.7760114224959,2676.447147295985,3111.2594859017054,434.81233860572047,0,0,0
637,7,4,756.7696979722904,2835.790088297999,3109.4390791156566,273.6489908176577,0,0,0
638,7,4,819.8631216759837,2697.275710265943,3200.749826197275,503.4741159313321,0,0,0
639,9,6,920.3590612569677,2787.8643890818225,3029.1199361035783,241.25554702175577,0,0,0
640,8,5,841.8020510792912,2831.336220954869,3276.9618219719437,445.6256010170746,0,0,0
641,5,4,921.1910971052398,2670.717210404291,3131.9226691314248,461.20545872713365,0,0,0
642,7,4,836.1962987276421,2805.40623351594,3168.1077960184866,362.7015625025465,0,0,0
643,7,6,884.1582822687632,2641.5570607991585,3126.0946914765937,484.5376306774351,0,0,0
644,5,4,873.8369710583606,2726.123565493156,3190.423321902056,464.29975640890007,0,0,0
645,8,6,891.5708917082721,2840.5236509752267,3120.0790114418073,279.5553604665806,0,0,0
646,8,4,882.156301123735,2797.8717272175154,3195.1801697205137,397.30844250299833,0,0,0
647,8,5,859.7494907864248,2860.3052363879156,3077.220061258735,216.9148248708193,0,0,0
648,6,4,889.3162318381176,2735.3746597918976,3129.4524310058796,394.07777121398203,0,0,0
649,6,5,862.4769191524101,2834.4582399862147,3057.1708751372353,222.71263515102055,0,0,0
650,7,4,871.6263690323996,2748.9474247903277,3128.7492373905116,379.8018126001839,0,0,0
651,8,7,891.9850302933919,2748.945347275763,3058.2293761610586,309.28402888529536,0,0,0
652,7,4,888.513938183643,2808.7482384640275,3140.891217686557,332.14297922252945,0,0,0
653,7,4,908.5396564812484,2839.0881869042823,3099.2184576952836,260.1302707910013,0,0,0
654,6,6,845.4853619383263,2786.6057581142377,3243.3721606799795,456.7664025657418,0,0,0
655,6,4,856.8747635519554,2872.2263006961434,3264.0573678188925,391.8310671227491,0,0,0
656,9,7,852.6407850643404,2863.6086304243768,3095.7092238259524,232.10059340157568,0,0,0
657,8,5,808.9093944452272,2587.4404672342466,3013.39972614934,425.9592589150934,0,0,0
658,7,5,832.2732283366917,2728.5548159441337,3120.0915849072812,391.53676896314755,0,0,0
659,7,5,857.1054588328998,2770.8963277437397,3172.4854933470187,401.58916560327907,0,0,0
660,7,4,880.8102037369506,2754.933426114116,3300.030603713824,545.0971775997077,0,0,0
661,7,4,859.3427222362112,2623.0136373187397,3264.7533000908793,641.7396627721396,0,0,0
662,8,6,868.7671279877641,2787.2661121352235,3204.775366107604,417.5092539723805,0,0,0
663,8,7,929.1771905940116,2787.6664603623194,3257.139541691157,469.47308132883745,0,0,0
664,6,5,820.7018398103132,2747.4815695789475,3104.269042408202,356.7874728292545,0,0,0
665,7,4,756.1950318565204,2734.11716145233,3080.66866459238,346.55150314005004,0,0,0
666,8,5,845.934551083067,2700.910632589299,3091.2687481290595,390.35811553976055,0,0,0
667,7,5,867.8053714870964,2881.6838827748006,3277.727505272519,396.0436224977184,0,0,0
668,9,7,899.5345143903618,2842.8564194046594,3217.400216566209,374.5437971615497,0,0,0
669,5,4,902.2718239624566,2816.3241249907564,3183.882436594101,367.55831160334446,0,0,0
670,8,6,889.8695499675747,2723.5977238338096,3064.146912717463,340.5491888836532,0,0,0
671,7,6,860.0849950898631,2765.726407820277,3199.076929288497,433.35052146822,0,0,0
672,6,4,856.2285737766399,2792.8294456141666,3164.443875584203,371.6144299700363,0,0,0
673,7,5,875.8113189206341,2706.9710969797434,3183.7564187301,476.7853217503566,0,0,0
674,7,4,751.6799054923355,2785.197655756161,3086.3495553062353,301.1518995500742,0,0,0
675,6,4,905.2164774439522,2724.347318450551,3143.352162202812,419.00484375226097,0,0,0
676,6,4,896.3348864600322,2758.4831016563858,3205.4795365189266,446.9964348625408,0,0,0
677,9,5,907.0371364918485,2711.908254178681,3127.9244095659765,416.0161553872954,0,0,0
678,6,4,857.1566195477617,2670.8831968491377,3128.4079995774237,457.524802728286,0,0,0
679,7,4,833.2955919868707,2737.68039713991,3112.453368952861,374.77297181295125,0,0,0
680,7,4,862.0451698276889,2679.908581147765,3138.8868154787115,458.97823433094663,0,0,0
681,6,5,796.4327713389446,2728.97996063585,3279.63672472406,550.6567640882099,0,0,0
682,8,5,924.6571126223959,2725.2419239793076,3067.6532672695566,342.4113432902491,0,0,0
683,6,4,875.077196172951,2727.166928651725,3267.1726704906173,540.0057418388924,0,0,0
684,8,6,838.6939169048505,2790.8190016565813,3156.947007068345,366.12800541176375,0,0,0
685,8,5,854.4629627744646,2667.593418784865,3280.8510773420817,613.2576585572165,0,0,0
686,7,5,841.0300492194591,2723.899286346571,3216.1113611919377,492.2120748453667,0,0,0
687,8,5,891.5657494769756,2804.1231612028073,3104.158856987547,300.0356957847398,0,0,0
688,8,6,921.2753379614196,2719.417681167793,3205.960895953289,486.5432147854958,0,0,0
689,6,4,845.4634790605705,2794.153205467306,3147.0269496476203,352.87374418031413,0,0,0
690,7,5,815.6867412906594,2714.2439525290974,3197.9147825298023,483.6708300007049,0,0,0
691,8,5,903.1532228792108,2649.7980731179437,3184.7810860983764,534.9830129804327,0,0,0
692,8,5,880.928068071067,2752.872965189944,3125.97634538414,373.10338019419623,0,0,0
693,8,6,849.0592102232974,2738.0690644271845,3166.572901720244,428.5038372930594,0,0,0
694,6,5,811.6195459660144,2819.7134981462723,3103.9773232181724,284.2638250719001,0,0,0
695,6,5,865.2674000918136,2742.499308877079,3281.9089768652666,539.4096679881877,0,0,0
696,6,4,881.3983280538821,2741.9513912164457,3060.2422579155136,318.2908666990679,0,0,0
697,7,4,750.41633855406,2697.6582017778805,3139.4369417925436,441.7787400146631,0,0,0
698,5,3,854.6045326785305,2796.978340587246,3183.577520992218,386.59918040497223,0,0,0
699,5,4,916.8635113508668,2677.0069665107903,3208.483463800752,531.4764972899616,0,0,0
700,7,5,864.4616228610766,2860.5633619140417,3151.8877382687865,291.3243763547448,0,0,0
701,5,4,878.4121817656618,2714.519955255905,3139.715055077224,425.19509982131876,0,0,0
702,7,5,889.7941653114742,2838.553883061569,3201.654617047498,363.10073398592885,0,0,0
703,6,4,852.6481289540287,2608.649488008705,3243.3410579056176,634.6915698969128,0,0,0
704,8,7,894.5196971450331,2805.8777907346375,3038.57263659393,232.6948458592924,0,0,0
705,6,5,866.1097897126187,2850.6765367709504,3169.9754688191597,319.2989320482093,0,0,0
706,7,5,841.0637577669928,2785.5914612716147,3138.7218549913478,353.1303937197331,0,0,0
707,7,5,901.0944924995533,2744.4940376974255,3170.456789158552,425.9627514611266,0,0,0
708,7,4,851.5359828126849,2736.81753017136,3273.4330700391915,536.6155398678316,0,0,0
709,7,5,810.0784786140778,2654.1381308740965,3064.9147480060074,410.7766171319108,0,0,0
710,7,4,921.4821302012924,2718.6620700606563,3034.4441293944233,315.78205933376694,0,0,0
711,7,5,911.4248901984731,2696.5779020632644,3050.779457255547,354.20155519228274,0,0,0
712,5,3,809.4405809998168,2737.4811875116484,2994.5359184403574,257.054730928709,0,0,0
713,7,5,801.7163237233044,2894.055294089971,3130.4742354938935,236.41894140392242,0,0,0
714,8,6,872.0932551749279,2678.3937499382714,3060.983065738763,382.5893158004915,0,0,0
715,6,5,886.1340961967715,2834.543310798934,3065.745727083825,231.20241628489111,0,0,0
716,8,6,874.74024161891,2756.2585055752766,3085.4429823031137,329.18447672783714,0,0,0
717,7,5,871.4269807620323,2729.9690627122245,3074.85976517015,344.8907024579253,0,0,0
718,6,4,808.8869159067152,2846.2156697569217,3134.9331075970194,288.7174378400978,0,0,0
719,5,5,825.640681276235,2775.6157332458793,3200.9204698935737,425.3047366476944,0,0,0
720,5,3,890.1529124399274,2750.183790521353,3081.039762291336,330.85597176998317,0,0,0
721,7,5,877.1371619578722,2724.473233594905,3127.381536056593,402.908302461688,0,0,0
722,7,4,883.3983902412366,2816.3136490952884,3077.2288446599146,260.9151955646262,0,0,0
723,7,5,932.969902726415,2652.668720609521,3114.5952611292996,461.9265405197784,0,0,0
724,6,4,872.695504007854,2929.2700016078447,3156.5831779387136,227.31317633086883,0,0,0
725,7,4,924.7290772798085,2837.2234067713084,3187.300193934374,350.07678716306555,0,0,0
726,8,6,911.1050505642843,2698.947978128979,3243.733406308909,544.78542817993,0,0,0
727,9,6,912.4887708832862,2727.477647501799,3190.3196502404826,462.84200273868373,0,0,0
728,7,5,882.7618257161607,2665.7595348430114,3084.028579216896,418.26904437388475,0,0,0
729,6,4,903.5326689147829,2714.7393296504047,3093.069607797721,378.3302781473162,0,0,0
730,7,6,898.5280004258057,2712.464754912247,3331.302179174299,618.8374242620521,0,0,0
731,9,6,874.5396231163517,2759.1532805521238,3249.0214642367914,489.86818368466766,0,0,0
732,8,7,863.8258707711311,2677.283918082236,3015.2030898493035,337.9191717670674,0,0,0
733,8,6,941.7642020795458,2723.9237784591537,3136.554302685868,412.63052422671444,0,0,0
734,6,6,852.6223369190852,2710.3546964181683,3069.093152694568,358.7384562763996,0,0,0
735,8,7,846.9727733621655,2647.621707149536,3100.4481370623585,452.8264299128223,0,0,0
736,6,4,872.3645172605843,2877.616762785469,3108.1113114250725,230.49454863960364,0,0,0
737,6,5,845.1424590752857,2680.7973464763577,3124.6099790926814,443.81263261632375,0,0,0
738,8,6,916.207923027638,2820.110882777792,3182.0787657125716,361.9678829347795,0,0,0
739,7,4,869.4023177241429,2748.418735684537,3051.2500815129843,302.8313458284474,0,0,0
740,7,4,862.5429712362776,2574.5086566231766,3063.5727695332334,489.0641129100568,0,0,0
741,8,6,784.573827363174,2677.509586381386,3188.274182712484,510.76459633109835,0,0,0
742,7,6,860.0246971548406,2813.425095117347,3265.5293952502134,452.10430013286623,0,0,0
743,6,4,881.0961586442634,2660.77908034421,3028.9270662635154,368.1479859193055,0,0,0
744,7,5,873.0281876813392,2796.2212084320863,3127.9741552489663,331.75294681688,0,0,0
745,8,6,857.0879004044423,2838.225118231095,3122.683927851741,284.45880962064575,0,0,0
746,6,4,884.2737305005833,2591.208395928328,3049.592982719401,458.3845867910727,0,0,0
747,7,4,877.5957140639068,2833.730683059634,3129.4490989467226,295.71841588708867,0,0,0
748,8,5,855.7701103047785,2802.54735470107,3032.2981743204405,229.7508196193703,0,0,0
749,6,4,866.3856104936849,2748.642336626988,3221.8880876268954,473.2457509999076,0,0,0
750,10,9,867.5855678367793,2840.1579551126956,3167.7535697079106,327.595614595215,0,0,0
751,7,5,850.685514549945,2657.0876477182596,3151.6050705665016,494.51742284824195,0,0,0
752,9,6,946.4200371562969,2801.017282113943,3190.4098991618866,389.39261704794353,0,0,0
753,9,5,907.993772813065,2745.7729636680374,3227.792762091699,482.01979842366154,0,0,0
754,7,5,873.8950116255339,2786.61497100102,3175.7231131826525,389.1081421816325,0,0,0
755,7,4,839.5338680870041,2740.91572108198,3006.7863019773413,265.8705808953614,0,0,0
756,6,4,905.3103869122208,2821.73996738309,3160.4733497573993,338.73338237430926,0,0,0
757,7,4,865.7446092746194,2731.584828133605,3037.273555751946,305.6887276183411,0,0,0
758,7,4,816.5256059910336,2674.0513209463834,3225.0895373929484,551.038216446565,0,0,0
759,6,4,848.2257031425887,2693.0713290775434,3054.7606621830505,361.6893331055071,0,0,0
760,7,5,921.6991290991106,2746.7065370401015,3104.6056118507868,357.8990748106853,0,0,0
761,9,7,841.3164892134264,2685.645072959528,3117.5134619381665,431.86838897863845,0,0,0
762,8,5,890.3193034386435,2706.7528859804115,3121.6093300742573,414.85644409384577,0,0,0
763,7,4,864.3546425526072,2711.691032013755,3127.3258277232044,415.63479570944946,0,0,0
764,6,5,826.9562078534751,2790.4428408226063,3196.07814928759,405.6353084649836,0,0,0
765,7,4,783.5698788020346,2788.198374420185,3171.1140447902276,382.9156703700428,0,0,0
766,8,6,908.317654887816,2756.9976943504935,3171.6192747678247,414.6215804173312,0,0,0
767,6,4,879.5719152382945,2613.6613344016073,3293.2841195871256,679.6227851855183,0,0,0
768,7,5,842.264443559709,2743.1217017070753,3145.6313426277475,402.50964092067215,0,0,0
769,7,5,872.7192311683957,2746.8727728503413,3158.793415983842,411.92064313350056,0,0,0
770,8,5,867.691425738969,2547.0263525876785,3211.9007552256367,664.8744026379582,0,0,0
771,7,6,832.1768933353887,2729.1915166913386,3213.883143539571,484.6916268482323,0,0,0
772,7,4,874.5593783875366,2687.8183081025163,3164.1462966777985,476.32798857528223,0,0,0
773,7,5,775.0701761029169,2765.5156754545565,3193.3789662798185,427.8632908252621,0,0,0
774,6,4,887.8980758137635,2740.235825718114,3234.9424300021315,494.70660428401743,0,0,0
775,8,6,931.7498689528289,2689.669590571033,3127.6405177359147,437.9709271648817,0,0,0
776,8,6,898.1314467048225,2665.4987357083996,3084.662571813412,419.16383610501225,0,0,0
777,7,5,881.635071389543,2809.990296090545,3170.85142278932,360.861126698775,0,0,0
778,7,6,827.470146783301,2757.8784030860506,3182.002095001713,424.1236919156622,0,0,0
779,6,4,876.4856920655543,2889.8550592386996,3156.7737484939476,266.91868925524795,0,0,0
780,8,6,931.0966332353482,2718.186694268152,3005.8651630743166,287.67846880616435,0,0,0
781,7,5,835.5175756775603,2692.616803284266,3109.108140591919,416.4913373076529,0,0,0
782,6,5,880.4051609096175,2741.537787493998,3147.1810525787123,405.64326508471413,0,0,0
783,7,5,880.4391749002384,2756.4028329832718,3148.4030462550854,392.00021327181366,0,0,0
784,6,4,847.2519330887432,2667.8180720227856,3061.5977387657676,393.77966674298204,0,0,0
785,7,5,879.56267917882,2515.434067271311,3151.3372281323636,635.9031608610526,0,0,0
786,8,6,827.0966218900389,2648.0428490422723,3290.272292971607,642.2294439293346,0,0,0
787,9,7,914.9973858366604,2833.202604371528,3170.3932118084103,337.19060743688215,0,0,0
788,6,4,789.6759335712376,2688.3882983908634,3199.051830544013,510.6635321531494,0,0,0
789,8,6,895.6795116839588,2738.8414760707155,3275.107755210822,536.2662791401062,0,0,0
790,7,6,803.6383260126065,2621.291007128126,3109.6315724145456,488.34056528641986,0,0,0
791,7,5,876.2668382456604,2699.1150206850116,3189.5735733288698,490.4585526438582,0,0,0
792,7,5,884.0023801738238,2797.0467767844884,3153.7223079605524,356.67553117606394,0,0,0
793,6,4,796.0395276922185,2761.152355264926,3218.6032257321904,457.4508704672644,0,0,0
794,8,5,895.72511501275,2789.0819762328038,3215.2595321402064,426.1775559074026,0,0,0
795,8,4,879.0510885461492,2804.6853066383173,3128.494735149504,323.8094285111865,0,0,0
796,7,5,923.023546229855,2616.3122785184073,3123.8862028814506,507.57392436304326,0,0,0
797,8,5,805.0452994121374,2724.4261505025706,2998.3190567811293,273.8929062785587,0,0,0
798,6,4,842.5512816963605,2731.0286082219964,3220.75517927049,489.7265710484935,0,0,0
799,10,8,951.607683999119,2909.8682158013075,3215.9253268948955,306.057111093588,0,0,0
800,7,5,925.3533344978567,2678.937107966625,3135.390685930396,456.4535779637713,0,0,0
801,7,4,879.2408867947336,2742.157520031516,3169.747653390057,427.59013335854115,0,0,0
802,7,4,887.5912113186447,2708.8762142255987,3085.9570821492002,377.08086792360155,0,0,0
803,8,5,816.4392961934026,2721.004325153389,3041.895172949874,320.8908477964851,0,0,0
804,6,5,850.4989410233542,2809.094010374377,3150.9406553738177,341.84664499944074,0,0,0
805,7,5,921.145927525324,2856.104266541814,3218.627464722177,362.5231981803631,0,0,0
806,7,5,889.3488940730246,2722.4731348771625,3065.2649952753286,342.79186039816614,0,0,0
807,6,6,864.1855123994893,2774.69448747367,3045.805211424142,271.11072395047177,0,0,0
808,6,3,888.0969089108098,2762.7209459246897,3245.74326478426,483.02231885957053,0,0,0
809,7,4,883.6031714192382,2668.674921442575,3163.2007733688865,494.5258519263116,0,0,0
810,8,5,906.4735537805662,2862.7062452406594,3233.4453324601623,370.73908721950284,0,0,0
811,7,5,840.5163960317313,2807.130914098243,3210.3901862030243,403.2592721047813,0,0,0
812,6,4,839.8729833448035,2830.0635912069356,3150.4402495643567,320.3766583574211,0,0,0
813,8,5,902.5792215541724,2736.01657103294,3179.1104306697293,443.09385963678915,0,0,0
814,7,5,814.4223257271021,2722.127730027133,3131.4798331994352,409.3521031723021,0,0,0
815,6,3,824.3536944761804,2791.018276151612,3082.503678688203,291.48540253659075,0,0,0
816,8,5,900.8097196650435,2729.426758164672,3204.8960841351595,475.4693259704877,0,0,0
817,7,4,848.8510906950039,2756.270912937357,3161.532943712399,405.26203077504215,0,0,0
818,6,5,844.146036907013,2824.3292568324605,3154.123919153936,329.7946623214757,0,0,0
819,7,4,811.2850687809952,2806.6888886312154,3218.321262101452,411.6323734702364,0,0,0
820,6,3,803.3620986979835,2772.9805501933392,3054.733361230622,281.75281103728275,0,0,0
821,7,4,850.6134315805267,2659.8479614123644,3197.3178984851,537.4699370727358,0,0,0
822,7,3,886.4001782948884,2681.431688287857,3184.4331532737324,503.0014649858754,0,0,0
823,5,3,895.4110566193714,2902.74667576713,3242.5664711498835,339.81979538275345,0,0,0
824,7,4,868.4092902371283,2686.716160919125,3239.078172073622,552.3620111544974,0,0,0
825,6,4,877.1331534976046,2680.1201154835608,3198.4319212233704,518.3118057398096,0,0,0
826,8,7,806.7389301757796,2675.8163905602787,3217.2739635949006,541.4575730346219,0,0,0
827,8,6,826.2704337201277,2720.5965680905465,3375.62836251852,655.0317944279736,0,0,0
828,6,4,906.7789835792822,2764.6035166446363,3234.2046350056894,469.60111836105307,0,0,0
829,7,5,902.7697779600988,2702.2935880659484,3086.332573819681,384.0389857537325,0,0,0
830,6,3,874.1408871139705,2726.7149385279104,3381.133451571418,654.4185130435076,0,0,0
831,8,6,845.3644652687472,2672.8353735942187,3233.0246197693205,560.1892461751017,0,0,0
832,8,5,919.910262997432,2750.1955654609906,3260.6610194639643,510.46545400297373,0,0,0
833,7,5,882.644661674715,2758.728838307931,3127.4787740376764,368.74993572974563,0,0,0
834,7,5,895.489060987769,2820.9965336253463,3103.835419536914,282.83888591156756,0,0,0
835,7,5,895.9534614831812,2820.3611454949946,3158.0399078857627,337.67876239076804,0,0,0
836,6,4,847.979634716636,2667.036805847634,2980.4725551640663,313.4357493164325,0,0,0
837,8,6,844.516500590262,2741.790575470895,3092.7899827447836,350.99940727388866,0,0,0
838,7,4,858.8274116837005,2740.3390885751537,3197.966326364034,457.6272377888804,0,0,0
839,7,5,829.2396267456362,2849.3709536164556,2995.05420072798,145.68324711152445,0,0,0
840,8,5,825.5071369530264,2782.9891123626885,3160.781430516339,377.7923181536503,0,0,0
841,5,4,922.2319889390495,2715.728191823539,3195.197415494814,479.4692236712749,0,0,0
842,7,5,873.2389694318871,2755.1935529436996,3097.580157800891,342.3866048571913,0,0,0
843,8,6,887.1061009184655,2702.6707243411515,3097.769972034141,395.0992476929896,0,0,0
844,8,6,837.0407777614793,2637.235288150014,3282.152444478161,644.917156328147,0,0,0
845,7,5,881.5488279830755,2841.625499384669,3295.997471344813,454.37197196014404,0,0,0
846,7,5,890.9998362258516,2734.048423160717,3306.256598579293,572.208175418576,0,0,0
847,6,3,900.3140612254438,2639.7385011556908,3174.137933627339,534.3994324716482,0,0,0
848,7,5,887.8915659213502,2713.543940194868,3139.7531072881184,426.20916709325047,0,0,0
849,7,6,855.6034525300615,2692.749875078337,3173.8682680865627,481.11839300822567,0,0,0
850,6,4,848.3264040769466,2738.7939493509225,3120.956956722814,382.1630073718916,0,0,0
851,6,4,825.2847410499049,2691.9367434048754,3043.4459673622823,351.5092239574069,0,0,0
852,7,4,920.8212904451269,2678.721371039577,3186.851369096395,508.12999805681784,0,0,0
853,8,6,831.6040228261164,2672.472820143377,3197.072473460162,524.5996533167854,0,0,0
854,7,5,869.2531071189553,2686.0776298808632,3213.5326896622137,527.4550597813504,0,0,0
855,6,4,848.3774728159791,2859.159229384636,3049.1769877923916,190.01775840775554,0,0,0
856,6,4,833.4773663478239,2766.8324484416794,3177.241735013396,410.4092865717166,0,0,0
857,7,5,836.3500953580026,2772.2997163493696,3135.10101392993,362.80129758056046,0,0,0
858,6,4,851.0231453850731,2801.6198778336916,3106.007973846285,304.38809601259345,0,0,0
859,8,7,890.871872845433,2834.112040925838,3140.233473131882,306.1214322060441,0,0,0
860,7,5,827.2089199265072,2806.8150382654653,3142.8292289672554,336.0141907017901,0,0,0
861,8,5,902.4081419262791,2797.276746352549,3133.1355463799155,335.85880002736667,0,0,0
862,8,6,856.0208773839461,2827.721222750204,3047.836784140067,220.1155613898627,0,0,0
863,7,7,903.0697478146684,2761.4221488844487,3243.956951578022,482.5348026935735,0,0,0
864,8,4,933.0707906952847,2790.085971929759,3049.181649017682,259.0956770879229,0,0,0
865,7,4,887.4075086836324,2722.8665362316274,3272.8906814552506,550.0241452236232,0,0,0
866,5,4,852.2792242027868,2732.6382025579364,3177.854946335908,445.2167437779717,0,0,0
867,7,5,884.6035550825364,2835.2164848364373,3160.179437790685,324.9629529542476,0,0,0
868,8,6,863.1410778996793,2693.0281819699135,3130.2025879759794,437.17440600606596,0,0,0
869,7,5,867.2313726344513,2726.2158384309428,3420.4907536072283,694.2749151762855,0,0,0
870,7,5,897.6579099385019,2696.2418863359403,3030.136209689998,333.89432335405763,0,0,0
871,7,5,926.3540413233026,2740.5575911458045,3128.6054946699505,388.047903524146,0,0,0
872,6,4,835.8204300849532,2652.397822453959,3060.150140353288,407.7523178993288,0,0,0
873,10,7,957.8534030260787,2704.587891999311,3157.6988267712923,453.1109347719812,0,0,0
874,8,6,907.1798612821835,2757.120758634138,3124.0946617590057,366.9739031248678,0,0,0
875,7,4,858.3700093583061,2791.839479450555,3001.154351686569,209.31487223601425,0,0,0
876,9,7,822.2159199890586,2649.6673275862713,3094.0170133193506,444.34968573307924,0,0,0
877,9,6,937.9141174879153,2889.6276038890646,3299.4795626107943,409.8519587217297,0,0,0
878,6,4,825.2942975997234,2789.615105383899,3193.859461259015,404.24435587511607,0,0,0
879,7,5,913.8992375674077,2636.5338473012716,3142.8034800163455,506.26963271507384,0,0,0
880,7,6,845.8411440639657,2694.7162308717025,3021.820793035834,327.1045621641315,0,0,0
881,9,5,890.7166244858212,2803.184026372383,3139.619810052879,336.4357836804961,0,0,0
882,8,6,912.8580799214067,2884.2427912005655,3287.627304724173,403.38451352360744,0,0,0
883,6,4,859.3538573940848,2798.1447161937213,3226.7190232022876,428.5743070085664,0,0,0
884,7,5,897.9801943524191,2663.7157305996234,3062.523323942825,398.80759334320146,0,0,0
885,6,4,821.4435602783392,2617.25619991295,3245.2912563316927,628.0350564187429,0,0,0
886,7,6,864.4779489791594,2702.6220099642956,3085.6055816486733,382.9835716843777,0,0,0
887,7,5,862.1215674064214,2796.3382482553593,3182.865553831309,386.52730557594987,0,0,0
888,8,5,817.3176904586512,2776.108130805979,3183.317731607244,407.20960080126497,0,0,0
889,6,4,756.2288587461815,2724.021381441801,3294.659188479846,570.6378070380447,0,0,0
890,7,5,774.2001014342807,2612.144698307811,3152.8266036520454,540.6819053442346,0,0,0
891,7,6,865.3362803353749,2587.6146769305287,3312.6456775583265,725.0310006277978,0,0,0
892,6,5,800.8952066411483,2775.180870980407,3236.743126280105,461.56225529969834,0,0,0
893,7,5,862.088000471097,2801.840623796812,3150.0746030129885,348.2339792161765,0,0,0
894,6,5,894.7141754570147,2800.354731616302,3070.256084350901,269.90135273459873,0,0,0
895,5,4,899.8757411371063,2767.235183178407,3229.9205145602473,462.6853313818401,0,0,0
896,6,4,876.1058527828711,2797.2561263259263,3157.6718870203504,360.4157606944241,0,0,0
897,6,4,868.9967338524933,2775.931163549396,3192.7739058436887,416.84274229429275,0,0,0
898,7,5,886.8203434934206,2745.168475084949,3178.6280203440483,433.4595452590993,0,0,0
899,7,4,850.1025972014993,2744.7490551728597,3200.8009389486974,456.0518837758377,0,0,0
900,7,4,910.8631850855713,2745.3870128701365,3222.512975446436,477.12596257629957,0,0,0
901,8,6,881.659929759441,2686.5684960016715,3147.253269408822,460.68477340715026,0,0,0
902,8,4,905.0440626551932,2640.0318314942397,3314.3553378811885,674.3235063869488,0,0,0
903,7,4,800.9043102245049,2589.5267393951904,3253.004977940161,663.4782385449707,0,0,0
904,7,5,807.9553383307178,2738.512419151298,3096.262138847517,357.74971969621856,0,0,0
905,6,3,828.5427215943039,2700.0106754414624,3129.83925034969,429.82857490822744,0,0,0
906,8,5,830.2818596180879,2623.7429174978665,3114.2987212283174,490.55580373045086,0,0,0
907,8,8,794.1213433182423,2704.2698724325687,3028.6608437606615,324.39097132809275,0,0,0
908,9,8,892.4796523198573,2805.270580011514,3330.7319098346356,525.4613298231216,0,0,0
909,9,7,900.6850175689611,2767.4111361434702,3181.1885794883638,413.7774433448935,0,0,0
910,7,4,881.5755580850147,2678.728482252904,3099.7806310832984,421.05214883039434,0,0,0
911,7,6,901.8161257884354,2765.3197585947864,3083.1828331607353,317.86307456594886,0,0,0
912,6,4,800.9072819421755,2693.551214123033,3139.967208113289,446.4159939902561,0,0,0
913,7,4,877.0952604144322,2791.8733093318583,3101.9703350282334,310.0970256963751,0,0,0
914,8,5,855.8403505198079,2754.9051500016426,3053.1889285722264,298.28377857058376,0,0,0
915,5,3,889.5955337093857,2864.2159520819273,3362.3771262172877,498.1611741353604,0,0,0
916,6,4,895.1905557810315,2738.199628270967,3067.115601601853,328.9159733308861,0,0,0
917,8,6,894.5509974119956,2730.282191871189,3164.9293152353293,434.6471233641405,0,0,0
918,6,5,843.6295206701761,2833.0188478421433,3172.2766269017484,339.2577790596051,0,0,0
919,6,5,864.5785261268343,2714.1453117624146,3179.247165877402,465.1018541149874,0,0,0
920,7,5,859.0498076524432,2858.8062405032074,3107.5828077900796,248.77656728687225,0,0,0
921,7,6,887.7923085073019,2642.6765979614247,3120.222728064678,477.5461301032533,0,0,0
922,9,7,906.0892775416158,2834.109889214515,3168.615947003752,334.5060577892368,0,0,0
923,7,4,888.0159647908688,2757.5494287038396,3138.049184780242,380.49975607640226,0,0,0
924,7,5,859.9324816585006,2841.7357560498704,3141.146453112962,299.41069706309145,0,0,0
925,7,5,813.1352556726539,2749.8733306401114,3189.0767885626256,439.2034579225142,0,0,0
926,7,5,863.3867009893783,2845.0666631097665,3128.516704261442,283.4500411516756,0,0,0
927,9,7,898.4872718972224,2732.3965497881973,3152.611132662516,420.2145828743187,0,0,0
928,10,7,926.3932974059893,2718.615026818913,3131.3055074221475,412.6904806032344,0,0,0
929,6,5,880.2162699432555,2706.242574008916,3177.3080690481324,471.06549503921633,0,0,0
930,8,6,770.2400576875923,2809.1172345061254,3179.1540139998983,370.0367794937729,0,0,0
931,7,5,882.6599042690508,2661.731561498681,3329.3902417103245,667.6586802116435,0,0,0
932,7,5,819.7989703306325,2599.159231828752,3104.1223984120315,504.9631665832794,0,0,0
933,7,4,863.4029220905455,2766.278088832485,3163.1903386856648,396.9122498531797,0,0,0
934,8,6,932.4675037103824,2722.5324814946025,3193.448544817892,470.91606332328956,0,0,0
935,6,4,841.5364407433367,2657.268767521348,3133.476628457818,476.2078609364703,0,0,0
936,7,4,908.8676970608717,2833.1237390419424,3050.5580914948273,217.43435245288492,0,0,0
937,8,4,867.8471376139067,2697.3405585706123,3015.374360674676,318.03380210406385,0,0,0
938,8,5,840.7004453789881,2799.775744532794,3225.599635568743,425.82389103594915,0,0,0
939,7,5,820.8233635173603,2607.3991129336623,3091.515891958939,484.1167790252766,0,0,0
940,7,5,870.9333718911014,2616.90617415843,3116.882731996763,499.97655783833306,0,0,0
941,8,7,895.7388331570929,2801.457682662483,3240.8267081160097,439.3690254535268,0,0,0
942,6,5,836.593870761344,2701.7068078162224,3090.4600422495455,388.7532344333231,0,0,0
943,8,5,914.627007766917,2822.7258378249553,3184.0803233083457,361.35448548339036,0,0,0
944,7,4,852.6365776146706,2746.1343199738126,3135.377374336526,389.24305436271334,0,0,0
945,7,4,864.1949310842359,2726.8313711883234,3154.6993670887964,427.86799590047303,0,0,0
946,6,4,878.7192524111122,2721.071716946799,3211.1760689036587,490.1043519568598,0,0,0
947,8,6,913.6686528727756,2733.66249222642,3166.760608480109,433.0981162536891,0,0,0
948,8,5,854.5532638300867,2766.811686101782,3282.8197922957424,516.0081061939604,0,0,0
949,5,4,873.101825098352,2810.9304380471094,3171.1167501974023,360.1863121502929,0,0,0
950,8,6,866.8070104463217,2852.385742900379,3181.970510240696,329.5847673403173,0,0,0
951,8,4,885.6887217993693,2773.819301854391,3096.732910643006,322.91360878861497,0,0,0
952,5,3,895.5142878300423,2790.0739513108165,3148.531992919891,358.45804160907437,0,0,0
953,6,3,891.9469140409789,2780.7918845112995,3211.4852224319516,430.6933379206521,0,0,0
954,7,4,890.0016997671668,2856.6703180328127,3246.755397255894,390.08507922308127,0,0,0
955,8,5,909.7825647146142,2734.162542560014,3144.2779849742105,410.1154424141964,0,0,0
956,8,5,920.2933616736223,2770.0167818575,3127.7142988557703,357.6975169982702,0,0,0
957,7,4,907.8786216891555,2805.6218652442944,3144.684301007862,339.06243576356746,0,0,0
958,8,7,890.3603768631251,2765.1013693708783,3153.304747413951,388.2033780430729,0,0,0
959,9,7,864.7749064730536,2685.0492013892567,3215.8134688101595,530.7642674209028,0,0,0
960,8,5,890.7891773630372,2818.0426502828896,3059.5931306673656,241.55048038447603,0,0,0
961,6,4,907.1209798728736,2808.7794157803105,3249.0345618941888,440.25514611387825,0,0,0
962,7,4,890.1787358569986,2797.2866271747625,3148.7690158076425,351.48238863288,0,0,0
963,7,5,871.952156498232,2646.4342595770286,3053.913529775951,407.4792701989222,0,0,0
964,6,4,891.0945226883351,2796.8486755791882,3047.8563475653104,251.0076719861222,0,0,0
965,7,4,875.3227354295148,2862.243666324555,3085.6020665996534,223.35840027509857,0,0,0
966,9,7,891.8699791075181,2612.0702227790853,3125.7348385521536,513.6646157730684,0,0,0
967,6,4,891.5056801686428,2746.243337179544,3102.956186161471,356.712848981927,0,0,0
968,9,7,902.0109400318545,2687.9014222592077,3165.7705970563684,477.86917479716067,0,0,0
969,9,6,881.4059774087385,2782.5924354349627,3035.557687497004,252.96525206204115,0,0,0
970,6,3,889.9383121409493,2717.6516527909134,3191.8301802883484,474.17852749743497,0,0,0
971,6,4,812.5019080547645,2717.2242430065617,3317.4906127795894,600.2663697730277,0,0,0
972,6,3,896.4859591177063,2719.7195620290886,3165.371819131046,445.6522571019573,0,0,0
973,8,6,831.0488741530778,2794.6440724397717,3230.309024869519,435.66495242974725,0,0,0
974,8,6,859.834975783642,2710.125554783955,3123.5453303758095,413.41977559185443,0,0,0
975,7,5,855.5007063232572,2793.2905711483922,3192.216865697075,398.92629454868256,0,0,0
976,6,3,874.580947565203,2685.393002555641,3281.718088835416,596.325086279775,0,0,0
977,7,4,840.7476650090595,2724.1068779705124,3156.988113364294,432.8812353937815,0,0,0
978,7,5,818.1623191078166,2787.962157333734,3270.1057036475113,482.1435463137773,0,0,0
979,6,4,905.4800759950584,2823.243480579262,3248.5400551913585,425.2965746120967,0,0,0
980,7,6,871.4750386406339,2742.9727363761126,3233.0024066308147,490.02967025470207,0,0,0
981,6,4,872.4491387377683,2694.5699262886214,3079.7379441434473,385.16801785482585,0,0,0
982,5,4,862.3567013088659,2821.350035667658,3014.3662762410195,193.0162405733613,0,0,0
983,9,6,867.493892088421,2705.7674501073966,3078.5273748857735,372.7599247783769,0,0,0
984,7,5,847.7141931922972,2790.092059804358,3204.639491153256,414.54743134889804,0,0,0
985,8,5,870.1797328747847,2709.907771759004,3168.232743143914,458.32497138491,0,0,0
986,6,5,902.5446691408515,2711.7367945617607,3101.4678883497686,389.7310937880079,0,0,0
987,5,4,878.0549414822019,2738.048367340382,3095.697022394601,357.64865505421903,0,0,0
988,6,5,894.0418275883378,2669.572924069337,3079.175722532351,409.60279846301364,0,0,0
989,7,5,890.3130446521166,2747.673399717371,3077.1377276401818,329.46432792281075,0,0,0
990,7,4,864.022212563015,2764.2403300240003,3237.63068172256,473.3903516985597,0,0,0
991,7,4,864.3823196988021,2762.0469160569282,3082.219229753861,320.17231369693263,0,0,0
992,5,4,865.136132554462,2749.3913433562793,3161.070607960553,411.6792646042736,0,0,0
993,7,5,899.686531142668,2808.4329374570952,3011.4645918827214,203.03165442562613,0,0,0
994,6,4,870.3692040866368,2635.16951530769,3112.785073398449,477.61555809075935,0,0,0
995,6,4,892.1882491191393,2728.860810952858,3143.2600155535433,414.39920460068515,0,0,0
996,8,5,818.0792237754985,2674.1793789916615,3180.010620009308,505.83124101764633,0,0,0
997,7,4,892.7713680793319,2767.8895900052053,3027.5741926387473,259.684602633542,0,0,0
998,7,6,775.8874279651114,2713.792263588524,3119.7796033161067,405.9873397275828,0,0,0
999,8,6,929.5251438830534,2689.370039613509,3129.4383762768443,440.06833666333523,0,0,0
1000,6,3,823.6590863385923,2747.149028107901,3064.9994253665363,317.85039725863544,0,0,0
