year,total_fatalities,landing,intentional_low_turn,unintentional_low_turn,non_turn_landing,medical,incorrect_emergency_procedures,equipment_problem,malfunction,no_pull_or_low_pull,low_deployment,canopy_collision,freefall_collision,reserve_problem,cutaway_low_or_no_reserve,other,notes,source_url
1999,27,10,,,,0,,0,5,2,0,1,3,4,0,2,"Parachutist May 2000 'Dress for Success' says 27 U.S. skydiving deaths, second lowest in the last ten years, none tandem/AFF/IAD student, one static-line fatality. Category chart and 'The Numbers' box cover statistics on 25 who died in 1999: landings 10/40%, malfunctions 5/20%, reserve problems 4/16%, collisions 4/16%, no pull/low pull 2/8%. Article notes two jumpers committed suicide during skydives and does not address them in the category report; recorded here as other=2. Collision text breaks down as three freefall collisions and one canopy collision. The Numbers: average age 38, average jumps 694, median jumps 225, female 2/8%, male 23/92%.",local:/mnt/synology-backup/parachutist/1999 Summary/
2000,32,11,,,,2,,0,3,5,0,2,2,6,0,1,"Parachutist May 2001 'A Momentary Lapse of Judgment' says official U.S. total for 2000 was 30, but two incidental deaths are included in the article; category chart totals 32. Categories: landing problems 11/34%, reserve problems 6/19%, no pull/low pull 5/16%, collisions 4/13%, malfunctions 3/6%, other 3/9%. Other includes two apparent heart-failure deaths and one unusual harness/no-handle case; recorded as medical=2 and other=1. Collision text identifies two canopy collisions and two freefall/opening/formation collisions. Who's Dying box: average age 37, median age 35, average jumps 693, median jumps 300, average years jumping 8, median 4, male 30/94%, female 2/6%.",local:/mnt/synology-backup/parachutist/May-2001/pages/page-026.jpg..page-033.jpg
2001,35,12,,,,2,,0,7,5,0,2,1,6,0,0,"Parachutist April 2002 'If It Can Go Wrong, It Will: The 2001 Fatality Summary' by Paul Sitter. Categories from chart/section headings: landings 12/34%, malfunctions 7/20%, reserve problems 6/17%, no pull/low pull 5/14%, collisions 3/9%, other 2/6%. Other section says both other deaths resulted from medical problems, recorded as medical=2 and other=0. Collision section describes one freefall/aircraft collision and two canopy/landing-area collisions. Experience-level chart: student 14%, A license 6%, B license 9%, C license 3%, D license 68%. Stats text: average age 39, average jumps 873, median jumps 450, average time in sport 65 months, median 48 months, 80% male; most common activity was formation skydiving.",local:/mnt/synology-backup/parachutist/April-2002/pages/page-030.jpg..page-037.jpg
2002,33,13,,,,,,,4,4,,,7,4,,1,"Parachutist April 2003 fatality summary. Category chart: landings 39% (13), collisions 21% (7), no pull/low pull 12% (4), malfunctions 12% (4), reserve problems 12% (4), other 3% (1). Experience chart: students 13%, no license 9%, A 6%, B 6%, C 12%, D 54%. 'The Numbers' box: average age 36, median age 33, average jumps 1,015, median jumps 521, female 5/15%, male 28/85%.",local:/mnt/synology-backup/parachutist/April-2003/pages/page-032.jpg..page-037.jpg (magazine pp.30-35)
2003,25,11,,,,,,,4,1,,,4,4,,1,"Parachutist April 2004 'The Possibility of Failure' 2003 fatality summary. Deaths-by-category chart: landings 44% (11), malfunctions 16% (4), reserve problems 16% (4), collisions 16% (4), no pull/low pull 4% (1), other appears as 1 death; chart label is visually ambiguous (looks like 1% but totals require one death/4%). Collision split not yet parsed.",local:/mnt/synology-backup/parachutist/April-2004/pages/page-041.jpg..page-043.jpg (magazine pp.39-41)
2004,21,8,,,,,,,9,2,,,1,0,,1,"Parachutist April 2005 2004 fatality summary. Category chart: malfunctions 43% (9), landings 38% (8), no pull/low pull 10% (2), collisions 5% (1), other 5% (1), reserve problems 0. Total text/last-10-year chart indicates 21 deaths.",local:/mnt/synology-backup/parachutist/April-2005/pages/page-031.jpg..page-033.jpg (magazine pp.29-31)
2005,27,8,,,,,,,6,5,,,4,3,,1,"Parachutist March 2006 'Lowering the Odds: The 2005 Fatality Summary' by Paul Sitter. Text says 27 U.S. skydiving deaths. Category chart/section headings: landing problems 8/33%, malfunctions 6/22%, no pull/low pull 5/19%, collisions 4/15%, reserve 3/11%; remaining one death recorded as other to reconcile total. Experience chart: student 19%, B 26%, C 15%, D 41%.",local:/mnt/synology-backup/parachutist/March-2006/pages/page-030.jpg..page-035.jpg (magazine pp.28-33)
2006,21,9,,,,,,,3,3,,,3,3,,0,"Parachutist April 2007 'Overcoming the Odds: The 2006 Fatality Summary' by Paul Sitter. Intro says 21 U.S. deaths. Fatality Percentage by Category chart: landing 43% (9), no pull/low pull 14% (3), malfunctions 14% (3), reserve problems 14% (3), collisions 14% (3), other 0. USPA stats box: estimated U.S. skydives 2,122,749; tandem jumps 300,000; membership 30,618.",local:/mnt/synology-backup/parachutist/April-2007/pages/page-024.jpg..page-028.jpg (magazine pp.22-26)
2007,18,4,,,,3,,0,3,1,0,5,0,1,0,1,"Parachutist April 2008 'Every One a Heartbreak: The 2007 Fatality Summary' by Paul Sitter. Source categories: No Pull/Low Pull 1; Malfunction 3; Reserve Problems 1; Collisions 5; Landing 4; Other 4. Other included three medical deaths and one canopy-formation incident; normalized as medical=3, other=1. Collision text says all five were under open canopies. Stats box: average age 44, median age 44, average jumps 1,650, median jumps 1,347, average/median years in sport 12.",local:/mnt/synology-backup/parachutist/April-2008/pages/page-024.jpg..page-029.jpg (magazine pp.22-27)
2008,30,8,,,,0,,0,5,6,0,5,0,5,0,1,"Parachutist April 2009 'Back to the Bad Old Days: The 2008 Fatality Summary' by Paul Sitter. Source categories: No Pull/Low Pull 6; Malfunctions 5; Reserve Problems 5; Collisions 6; Landing 8. Collision narrative includes one aircraft/tail strike normalized as other=1; remaining five treated as canopy collisions. Demographics box: average jumps 1,954, median 665; years in sport average 11, median 7; age average 43, median 42.",local:/mnt/synology-backup/parachutist/April-2009/pages/page-032.jpg..page-037.jpg (magazine pp.30-35)
2009,16,3,,,,2,,0,5,0,0,4,0,0,0,2,Parachutist April 2010 2009 fatality summary. Source categories: Malfunction 5; Collision 4; Landing 3; Other 4; no No Pull/Low Pull deaths; Reserve Problem 0. User checked page 41 notes: the 4 collision deaths were canopy collisions. Other included two natural-cause/medical deaths and two other non-collision cases; normalized as medical=2 and other=2.,local:/mnt/synology-backup/parachutist/April-2010/pages/page-042.jpg..page-047.jpg (magazine pp.40-45)
2010,21,9,,,,1,,0,1,4,0,5,0,0,0,1,"Parachutist April 2011 2010 fatality summary. Source categories: No Pull/Low Pull 4; Malfunction 1; Reserve Problem 0; Collisions 5; Landing 9; Other 2. User checked the article: although the section says it includes freefall collisions, the actual data is 5 canopy collisions: 4 landing-pattern canopy collisions plus 1 after opening. Other remains one heart-attack/medical death plus one other non-collision death, normalized as medical=1 and other=1.",local:/mnt/synology-backup/parachutist/April-2011/pages/page-036.jpg..page-043.jpg (magazine pp.34-41)
2011,25,6,,,,1,,0,5,2,0,7,1,1,0,2,"Parachutist April 2012 2011 fatality summary. Source categories: Collisions 8; Landing 6; Malfunctions 5; No Pulls 2; Reserve Problems 1; Other 3. Collision text says seven under canopy/landing area and one freefall collision. Other included one medical/heart attack, one military-equipment/vehicle incident, and one suicide; normalized as medical=1, other=2.",local:/mnt/synology-backup/parachutist/April-2012/pages/page-036.jpg..page-043.jpg (magazine pp.34-41)
2012,19,7,,,,2,,0,6,2,0,1,1,0,0,0,"Parachutist April 2013 'Lessons to Be Learned: The 2012 Fatality Summary'. Article pie chart categories: Landing Problem 7; Malfunction 6; Collision 2; No Pull/Low Pull 2; Other 2. Re-coded Other as medical because text says both were directly health-related. Collision split is inferred: one freefall collision and one canopy entanglement; article only gives combined Collision=2. Demographics: average jumps 2,049, median 850; years in sport average 14, median 11; age average 46, median 47.",local:/mnt/synology-backup/parachutist/April-2013/pages/page-040.jpg..page-045.jpg (printed pp.38-43; title 'Lessons to Be Learned: The 2012 Fatality Summary')
2013,24,7,,,,0,,0,6,5,0,0,4,0,0,2,Parachutist April 2014 'Identifying the Dangers: The 2013 Fatality Summary'. Article pie chart categories: Landing Problem 29%=7; Malfunction 25%=6; No Pull/Low Pull 21%=5; Collision 17%=4; Other 8%=2. User checked the 2013 row: no canopy fatalities in the collision category; all 4 collision deaths kept as freefall/object/freefall-collision deaths. Other includes harness/container and canopy-formation/wrap type cases; not medical.,local:/mnt/synology-backup/parachutist/April-2014/pages/page-032.jpg..page-037.jpg (printed pp.30-35; title 'Identifying the Dangers: The 2013 Fatality Summary')
2014,24,7,,,,0,,0,8,3,0,2,3,1,0,0,"Parachutist April 2015 'Basics: The 2014 Fatality Summary' by Paul Sitter. Numbers confirmed by user spot-check; page references corrected after user noted the summary pages are 48+. Article chart categories: Landing 29%=7; Malfunction 33%=8; Collision 21%=5; No Pull/Low Pull 13%=3; Reserve Problem 4%=1; Other 0. Collision split from incident descriptions: 3 freefall collisions and 2 canopy collisions. Text notes suspected medical factors in some incidents, but none were assigned to Other/medical by the article. Context box: 36,770 USPA members, estimated U.S. skydives 3,200,000, tandem jumps 500,000. Demographics: average age 47/median 49; average jumps 1,920/median 901; years in sport average 12/median 6.5. Archive image filenames carry different numbering than the published/PDF pagination; keep both when cross-checking.",local:/mnt/synology-backup/parachutist/April-2015/pages/page-044.jpg..page-050.jpg (printed pp.42-48; user spot-check says external/PDF article pages are 48+)
2015,21,7,,,,2,,0,5,1,0,2,0,4,0,0,"Parachutist April 2016 'Dangers of the Sport: The 2015 Fatality Summary' by Paul Sitter. User spot-check said 2015 numbers/pages were correct. Article chart categories: Landing 33%=7; Malfunction 24%=5; Reserve Problem 19%=4; Collision 10%=2; Other 10%=2; No Pull/Low Pull 5%=1. Re-coded Other as medical because text says both Other cases were likely health-related. Collision text says both were under canopy, so canopy_collision=2. Context box: membership 37,449, U.S. skydives 3,200,000, tandem jumps 500,000, average annual deaths since 1963 31.8, last 10 years 22.4.",local:/mnt/synology-backup/parachutist/April-2016/pages/page-034.jpg..page-040.jpg (printed pp.32-38; title 'Dangers of the Sport: The 2015 Fatality Summary')
2016,21,5,,,,2,,0,8,0,0,1,2,2,0,1,"Parachutist April 2017 'The Same Problems: 2016 Fatality Summary'. Article chart categories: Malfunction 38%=8; Landing Problems 24%=5; Collisions 14%=3; Other 14%=3; Reserve Problems 10%=2; No/Low Pull 0. Re-coded two Other cases as medical because text says apparent medical problems; remaining Other is a student falling from harness, equipment issue not apparent. Collision split from text: 2 freefall collisions and 1 canopy collision. Article also notes at least four fatalities involved equipment maintenance/installation factors, but these are contributing factors already counted under primary categories, so equipment_problem left 0 to avoid double counting. Context box: USPA membership 38,555; estimated U.S. skydives 4,000,000; tandem jumps 500,000; average annual deaths since 1963 32.3; last 10 years 21.9.",local:/mnt/synology-backup/parachutist/April-2017/pages/page-038.jpg..page-044.jpg with intervening ad (printed pp.36-42; title 'The Same Problems: 2016 Fatality Summary')
2017,24,6,2,,,0,0,0,11,1,0,2,1,1,0,2,USPA page groups no-pull/low-pull; landing text says two high-performance landing deaths. Remaining landing subcategories not parsed yet.,https://www.uspa.org/malfunction-malfunction-malfunctionthe-2017-fatality-summary
2018,13,2,0,1,1,4,4,2,0,0,0,0,1,0,0,0,Article categories: landing 2; medical 4; incorrect EP 4; freefall collision 1; canopy collision 0; equipment 2.,https://www.uspa.org/a-record-lowthe-2018-fatality-summary
2019,15,7,,,,0,, ,,,0,0,0,, , ,Landing 7 and no-pulls/canopy collisions 0 parsed. Other category counts need second-pass extraction from article.,https://www.uspa.org/striving-for-zerothe-2019-fatality-summary
2020,11,5,,,,2,2,0,0,0,0,0,0,0,1,1,"USPA page explicitly lists landing 5, medical 2, incorrect EP 2, cutaway with low/no reserve 1, no-pull 0, canopy collision 0. Remaining one not isolated in quick parse.",https://www.uspa.org/Discover/News/another-record-lowthe-2020-fatality-summary
2021,10,5,,,,3,1,0,0,0,0,0,0,0,0,1,"Landing 5, medical 3, incorrect EP 1 parsed; one remaining category needs second-pass extraction.",https://www.uspa.org/about-uspa/uspa-news/a-positive-directionthe-2021-fatality-summary
2022,20,12,8,2,2,1,2,2,0,0,0,0,0,0,0,3,"Parsed from Parachutist article; explicit categories sum 17, leaving 3 deaths in categories needing second-pass extraction.",https://parachutist.com/Article/a-step-backwardthe-2022-fatality-summary
2023,10,6,4,0,,1,1,1,0,0,0,0,0,0,0,1,Parsed explicit categories sum 9; one death category needs second-pass extraction. Non-turn landing count likely 2 by landing total minus intentional/unintentional but not confirmed in quick parse.,https://parachutist.com/Article/a-widespread-improvementthe-2023-fatality-summary
2024,9,4,2,0,2,1,0,1,0,0,1,1,0,0,0,1,"Parsed explicit categories sum 8, leaving one category needing second-pass extraction.",https://www.uspa.org/a-milestone-in-safetythe-2024-fatality-summary
2025,16,5,4,1,0,2,0,2,0,3,0,2,2,0,0,0,"Article heading says Landing Problems 4/25%, but subcategories list intentional 4 + unintentional 1 + non-turn 0; totals reconcile only if landing=5 (31.25%). Treat heading as likely typo until checked against graphic/PDF.",https://parachutist.com/Article/a-need-for-vigilance-the-2025-fatality-summary
