cutoff_year_after_ge,target,before_years,after_years,before_hit,before_total,before_prop,after_hit,after_total,after_prop,diff_pct_points,relative_risk,rr_low,rr_high,odds_ratio,or_low,or_high,fisher_p,two_prop_p,full_distribution_chi2,full_distribution_df,full_distribution_p
2001,canopy_collision,1999-2000,2001-2025,3,59,0.05084745762711865,39,509,0.07662082514734773,2.5773367520229087,1.5068762278978387,0.4804992646233598,4.725659607374202,1.548936170212766,0.43893234749679977,4.184447804123253,0.6062391689555887,0.4738898570142265,10.458966242267582,7,0.16402142678909906
2001,all_collision,1999-2000,2001-2025,8,59,0.13559322033898305,74,509,0.14538310412573674,0.9789883786753689,1.0722003929273085,0.5443746329248376,2.1118061222228244,1.0844827586206895,0.48176647390503047,2.2298531311725287,1.0,0.8394943229795562,10.458966242267582,7,0.16402142678909906
2001,freefall_collision,1999-2000,2001-2025,5,59,0.0847457627118644,35,509,0.068762278978389,-1.5983483733475399,0.8113948919449903,0.330730044762625,1.9906315773244867,0.7974683544303798,0.2893365559902465,1.899540643875944,0.5934425051796353,0.6496574687324346,10.458966242267582,7,0.16402142678909906
2001,landing,1999-2000,2001-2025,21,59,0.3559322033898305,176,509,0.34577603143418467,-1.0156171955645832,0.971465993076995,0.6754294489021373,1.3972535210584385,0.9563849563849562,0.5422336372336195,1.656364167625445,0.8857674687416177,0.8766982033615338,10.458966242267582,7,0.16402142678909906
2002,canopy_collision,1999-2001,2002-2025,5,94,0.05319148936170213,37,474,0.07805907172995781,2.486758236825568,1.4675105485232067,0.5923118113773237,3.6359011734361166,1.5070938215102976,0.5539842629508478,3.511799272226206,0.5193529970306151,0.39997110472823616,18.97213033095691,7,0.008275095221967973
2002,all_collision,1999-2001,2002-2025,11,94,0.11702127659574468,71,474,0.14978902953586498,3.2767752940120296,1.2800153433064825,0.7058035406653794,2.3213814959831636,1.329348071283555,0.6611372811700666,2.503863378767246,0.5204103794689066,0.4089456175071027,18.97213033095691,7,0.008275095221967973
2002,freefall_collision,1999-2001,2002-2025,6,94,0.06382978723404255,34,474,0.07172995780590717,0.7900170571864623,1.1237693389592125,0.4855239324176275,2.601020141059839,1.1333333333333333,0.44737081128024403,2.5417834501491314,1.0,0.7844885206935177,18.97213033095691,7,0.008275095221967973
2002,landing,1999-2001,2002-2025,33,94,0.35106382978723405,164,474,0.3459915611814346,-0.5072268605799457,0.9855517197289348,0.7290668305244562,1.3322677038563733,0.9779081133919844,0.6131444529860284,1.5427885583884455,0.9999999999999999,0.9248022154288207,18.97213033095691,7,0.008275095221967973
2003,canopy_collision,1999-2002,2003-2025,5,127,0.03937007874015748,37,441,0.08390022675736962,4.453014801721214,2.1310657596371883,0.8554149402719757,5.309050681829445,2.234653465346535,0.8249524745007123,5.168248085151571,0.12195055552423645,0.09106872676308786,28.757422380715603,7,0.00016018791940334624
2003,all_collision,1999-2002,2003-2025,18,127,0.14173228346456693,64,441,0.14512471655328799,0.33924330887210585,1.0239355001259764,0.6309142362886936,1.6617851494136944,1.0279988211022693,0.578252522210562,1.7686942467675573,1.0,0.9236415576763557,28.757422380715603,7,0.00016018791940334624
2003,freefall_collision,1999-2002,2003-2025,13,127,0.10236220472440945,27,441,0.061224489795918366,-4.113771492849108,0.598116169544741,0.3180649823166144,1.124747998554465,0.5719063545150502,0.28409917818261876,1.1145249029795945,0.11729464000320008,0.11036112649982055,28.757422380715603,7,0.00016018791940334624
2003,landing,1999-2002,2003-2025,46,127,0.36220472440944884,151,441,0.3424036281179138,-1.9801096291535036,0.945331755890762,0.7255803455762296,1.231637728535501,0.9168665667166418,0.6064393158956153,1.3777009401276044,0.6737643741932454,0.6795268712703972,28.757422380715603,7,0.00016018791940334624
2004,canopy_collision,1999-2003,2004-2025,5,152,0.03289473684210526,37,416,0.0889423076923077,5.6047570850202435,2.703846153846154,1.0826905662810435,6.75242239228204,2.8701846965699205,1.061458658709374,6.615985619115959,0.028290071251559967,0.023829821819650876,39.57666372292763,7,1.516767759461029e-06
2004,all_collision,1999-2003,2004-2025,22,152,0.14473684210526316,60,416,0.14423076923076922,-0.05060728744939458,0.9965034965034963,0.6342466520893526,1.5656672609503934,0.995914198161389,0.5829164020738865,1.6620396967106563,0.9999999999999999,0.987878566562933,39.57666372292763,7,1.516767759461029e-06
2004,freefall_collision,1999-2003,2004-2025,17,152,0.1118421052631579,23,416,0.055288461538461536,-5.655364372469636,0.4943438914027149,0.27164267595481223,0.8996225725880829,0.4647507858105075,0.24165676030719438,0.8848095373530818,0.025718594879158705,0.019692863121277382,39.57666372292763,7,1.516767759461029e-06
2004,landing,1999-2003,2004-2025,57,152,0.375,140,416,0.33653846153846156,-3.8461538461538436,0.8974358974358975,0.7019931985412857,1.1472920131991962,0.8454106280193238,0.5742307914137234,1.2403577211718801,0.4260038589581153,0.39387693380343713,39.57666372292763,7,1.516767759461029e-06
2005,canopy_collision,1999-2004,2005-2025,5,173,0.028901734104046242,37,395,0.09367088607594937,6.476915197190312,3.2410126582278482,1.2959616894515649,8.105303680109843,3.4726256983240225,1.2854753186557109,7.989045679179812,0.005129424678197776,0.0066305017086083495,37.02668377873524,7,4.6363839241762454e-06
2005,all_collision,1999-2004,2005-2025,23,173,0.1329479768786127,59,395,0.14936708860759493,1.6419111728982223,1.1235002751788663,0.7182084256144619,1.7575021725024602,1.1451863354037266,0.6767723968245883,1.89477843218141,0.6975255705956818,0.6083618086409974,37.02668377873524,7,4.6363839241762454e-06
2005,freefall_collision,1999-2004,2005-2025,18,173,0.10404624277456648,22,395,0.05569620253164557,-4.835004024292091,0.5353023909985934,0.2947368923147675,0.9722184676589051,0.5078939529341674,0.2662084465601568,0.9631176077059221,0.049068658850279556,0.03819611787537691,37.02668377873524,7,4.6363839241762454e-06
2005,landing,1999-2004,2005-2025,65,173,0.37572254335260113,132,395,0.3341772151898734,-4.154532816272772,0.8894255111976631,0.7015947739597217,1.1275422356761167,0.8339280491371746,0.574787572401124,1.207091034406784,0.34005232077682934,0.3383604266621223,37.02668377873524,7,4.6363839241762454e-06
2006,canopy_collision,1999-2005,2006-2025,5,200,0.025,37,368,0.10054347826086957,7.554347826086957,4.021739130434782,1.6061443567548537,10.070318751391675,4.3595166163142,1.6149445558097255,10.011657817594058,0.0006542379878318905,0.0010155285296780114,49.55234355737941,7,1.7682941088120545e-08
2006,all_collision,1999-2005,2006-2025,27,200,0.135,55,368,0.14945652173913043,1.4456521739130423,1.1070853462157808,0.7222037834476872,1.697080508156178,1.1259022600875637,0.6820259217832455,1.8291257567792185,0.708294126646906,0.6396258317307999,49.55234355737941,7,1.7682941088120545e-08
2006,freefall_collision,1999-2005,2006-2025,22,200,0.11,18,368,0.04891304347826087,-6.108695652173913,0.4446640316205534,0.24436412974007357,0.8091453570839665,0.4161038961038961,0.22057643028771992,0.7949132075130538,0.009383322423581943,0.006572113834281135,49.55234355737941,7,1.7682941088120545e-08
2006,landing,1999-2005,2006-2025,73,200,0.365,124,368,0.33695652173913043,-2.804347826086956,0.9231685527099465,0.7318114124078257,1.1645625666160544,0.8841230631035257,0.6168090277825973,1.2649575332926926,0.5190965178115621,0.5024150287688098,49.55234355737941,7,1.7682941088120545e-08
2007,canopy_collision,1999-2006,2007-2025,5,221,0.02262443438914027,37,347,0.10662824207492795,8.400380768578767,4.712968299711815,1.8809747320256451,11.808808388493357,5.156129032258065,1.9105478374529363,11.829648285134375,0.00010834468902989151,0.0001914297463150305,63.972355430770534,7,2.4187359505180926e-11
2007,all_collision,1999-2006,2007-2025,30,221,0.13574660633484162,52,347,0.14985590778097982,1.41093014461382,1.1039385206532182,0.7278786656956598,1.6742903931897484,1.1222598870056497,0.6889725836726338,1.8060907732127862,0.7137840108112576,0.6408854383001952,63.972355430770534,7,2.4187359505180926e-11
2007,freefall_collision,1999-2006,2007-2025,25,221,0.11312217194570136,15,347,0.043227665706051875,-6.989450623964949,0.3821325648414986,0.2060788573923603,0.7085894155280557,0.3542168674698795,0.18651294994806789,0.6918562276502306,0.0021723257583603456,0.001502620817944944,63.972355430770534,7,2.4187359505180926e-11
2007,landing,1999-2006,2007-2025,82,221,0.37104072398190047,115,347,0.3314121037463977,-3.9628620235502785,0.8931960357067547,0.7113818108502109,1.1214781514427101,0.8402544154751893,0.5907697224722358,1.1943740059108408,0.36608534364309764,0.3333242489195727,63.972355430770534,7,2.4187359505180926e-11
2008,canopy_collision,1999-2007,2008-2025,10,239,0.04184100418410042,32,329,0.0972644376899696,5.542343350586918,2.3246200607902736,1.1656699214162307,4.635839295281083,2.4673400673400674,1.1660358473006802,4.889536149785079,0.014312039869586717,0.012702821463219882,49.13470552280228,7,2.135168906075097e-08
2008,all_collision,1999-2007,2008-2025,35,239,0.14644351464435146,47,329,0.14285714285714285,-0.35863717872086087,0.9755102040816327,0.6508669819891764,1.462080862297012,0.9714285714285714,0.6050019622488338,1.5506845157070759,0.9043831697341874,0.9044349665951152,49.13470552280228,7,2.135168906075097e-08
2008,freefall_collision,1999-2007,2008-2025,25,239,0.10460251046025104,15,329,0.04559270516717325,-5.900980529307779,0.4358662613981763,0.23492291590201303,0.8086882333116632,0.4089171974522293,0.21541173754450657,0.7978605005704703,0.007777195929508827,0.006655338738396299,49.13470552280228,7,2.135168906075097e-08
2008,landing,1999-2007,2008-2025,86,239,0.3598326359832636,111,329,0.3373860182370821,-2.2446617746181508,0.937619283240263,0.7472090488886954,1.1765514906591288,0.9058566247066353,0.6390732795490721,1.2831597767719982,0.5930279809701255,0.5789742616267817,49.13470552280228,7,2.135168906075097e-08
2009,canopy_collision,1999-2008,2009-2025,15,269,0.055762081784386616,27,299,0.0903010033444816,3.4538921560094984,1.6193979933110367,0.8805084529177359,2.978335815005313,1.6808823529411765,0.8688892216328532,3.159949495691104,0.1479565594048772,0.11626586940368622,57.85809605857213,7,4.0350430352687637e-10
2009,all_collision,1999-2008,2009-2025,40,269,0.14869888475836432,42,299,0.14046822742474915,-0.8230657333615166,0.944648829431438,0.632918521447591,1.4099151481697922,0.9356031128404669,0.587051473762039,1.490055840177617,0.8116832537236889,0.7804955536973281,57.85809605857213,7,4.0350430352687637e-10
2009,freefall_collision,1999-2008,2009-2025,25,269,0.09293680297397769,15,299,0.05016722408026756,-4.276957889371013,0.539799331103679,0.2907946245042037,1.002024429979678,0.5154929577464789,0.2716196059098187,1.0046507346661553,0.050068042985567184,0.04668142185594326,57.85809605857213,7,4.0350430352687637e-10
2009,landing,1999-2008,2009-2025,94,269,0.34944237918215615,103,299,0.34448160535117056,-0.49607738309855876,0.9858037429730306,0.7864631498930825,1.235670126174064,0.9783434650455927,0.6925899021412372,1.3815609821146981,0.9297605042123087,0.9012941182309,57.85809605857213,7,4.0350430352687637e-10
2010,canopy_collision,1999-2009,2010-2025,19,285,0.06666666666666667,23,283,0.0812720848056537,1.4605418138987039,1.2190812720848057,0.6791940671746116,2.188121510145401,1.2384615384615385,0.6604368516408018,2.3015169349680193,0.5255273353947592,0.5059871757850782,46.76132446188451,7,6.213423720402823e-08
2010,all_collision,1999-2009,2010-2025,44,285,0.1543859649122807,38,283,0.13427561837455831,-2.0110346537722394,0.8697398008352072,0.58202311759416,1.2996860404509403,0.8495361781076067,0.5337624041556496,1.357015266580029,0.5509931996993709,0.4953383076180258,46.76132446188451,7,6.213423720402823e-08
2010,freefall_collision,1999-2009,2010-2025,25,285,0.08771929824561403,15,283,0.053003533568904596,-3.4715764676709435,0.6042402826855124,0.32548970674300065,1.121713871917147,0.582089552238806,0.30667700986364893,1.1340408282104146,0.13923448982246758,0.10591077319740183,46.76132446188451,7,6.213423720402823e-08
2010,landing,1999-2009,2010-2025,97,285,0.34035087719298246,100,283,0.35335689045936397,1.300601326638151,1.0382135441331828,0.8284029340911528,1.301163140379437,1.0590952622387473,0.7499945089476097,1.494911147041427,0.791530558175225,0.7447102510254531,46.76132446188451,7,6.213423720402823e-08
2011,canopy_collision,1999-2010,2011-2025,24,306,0.0784313725490196,18,262,0.06870229007633588,-0.9729082472683726,0.8759541984732825,0.48631908311684463,1.5777619765717024,0.8668032786885246,0.4658247075560855,1.6340597983686085,0.7484059161634897,0.6586971123311289,46.50411385389556,7,6.97358435551039e-08
2011,all_collision,1999-2010,2011-2025,49,306,0.16013071895424835,33,262,0.12595419847328243,-3.417652048096592,0.7865711169964169,0.5223297631415397,1.1844895040479222,0.7558149897513591,0.4730595012245147,1.218856376399132,0.2816214745606787,0.24797463340171477,46.50411385389556,7,6.97358435551039e-08
2011,freefall_collision,1999-2010,2011-2025,25,306,0.08169934640522876,15,262,0.05725190839694656,-2.4447438008282196,0.7007633587786259,0.3775341008079135,1.3007282890626972,0.6825910931174088,0.35948698602149814,1.3295548372323343,0.3238472920718154,0.25629203218041763,46.50411385389556,7,6.97358435551039e-08
2011,landing,1999-2010,2011-2025,106,306,0.3464052287581699,91,262,0.3473282442748092,0.09230155166392584,1.0026645542272794,0.7995536524149017,1.2573717914580962,1.0040825333774688,0.7107527024559883,1.4194658810426697,1.0,0.9816187051524814,46.50411385389556,7,6.97358435551039e-08
2012,canopy_collision,1999-2011,2012-2025,31,331,0.09365558912386707,11,237,0.046413502109704644,-4.724208701416242,0.49557642575200767,0.25426597745996665,0.9659019119056282,0.47102483585498145,0.2412558856757102,0.9724095064205562,0.03528094449657498,0.03386707706935432,50.29082563024919,7,1.266493461311193e-08
2012,all_collision,1999-2011,2012-2025,57,331,0.17220543806646527,25,237,0.10548523206751055,-6.672020599895472,0.6125545932341402,0.3946666463808752,0.9507343301823682,0.5668652763985436,0.347624835813119,0.9440624056239478,0.029146264597817297,0.025682801468900562,50.29082563024919,7,1.266493461311193e-08
2012,freefall_collision,1999-2011,2012-2025,26,331,0.07854984894259819,14,237,0.05907172995780591,-1.9478118984792279,0.7520285621551445,0.40134062880918314,1.4091445463051349,0.7364608485684719,0.3853775714464452,1.4515272561134158,0.40936557558493036,0.37096404843543485,50.29082563024919,7,1.266493461311193e-08
2012,landing,1999-2011,2012-2025,112,331,0.338368580060423,85,237,0.35864978902953587,2.0281208969112896,1.0599382157926462,0.8444061595376616,1.3304841616892424,1.0934562969924813,0.7716639088836605,1.5507020385224108,0.6551292791990743,0.6165347816202487,50.29082563024919,7,1.266493461311193e-08
2013,canopy_collision,1999-2012,2013-2025,32,350,0.09142857142857143,10,218,0.045871559633027525,-4.55570117955439,0.5017201834862386,0.25173986888396016,0.9999335569428498,0.4777644230769231,0.2408677763827361,1.0112066745075337,0.04812483510335922,0.043614015902297076,51.92848689588143,7,6.031131604083077e-09
2013,all_collision,1999-2012,2013-2025,59,350,0.16857142857142857,23,218,0.10550458715596331,-6.306684141546526,0.6258746695692738,0.39861504084967897,0.9827002542941379,0.5817470664928291,0.3533675307032849,0.9814286822971976,0.0377573604247679,0.03754788762698036,51.92848689588143,7,6.031131604083077e-09
2013,freefall_collision,1999-2012,2013-2025,27,350,0.07714285714285714,13,218,0.05963302752293578,-1.7509829619921355,0.7730207271491676,0.4077382203499843,1.4655507253877453,0.7586269196025294,0.39370572909139956,1.5168943452418882,0.5016416932532062,0.42767333577401967,51.92848689588143,7,6.031131604083077e-09
2013,landing,1999-2012,2013-2025,119,350,0.34,78,218,0.3577981651376147,1.7798165137614674,1.0523475445223962,0.8360607599387273,1.3245871682142787,1.081512605042017,0.7600057435408402,1.5414731726368283,0.7170184764679282,0.6647222477818,51.92848689588143,7,6.031131604083077e-09
2014,canopy_collision,1999-2013,2014-2025,32,374,0.0855614973262032,10,194,0.05154639175257732,-3.4015105573625886,0.6024484536082474,0.3026044669358102,1.1994011289065272,0.5808423913043479,0.29239517549925736,1.2301840286754357,0.17630074676753305,0.1417930255029367,59.39964929481795,7,1.9891425666338367e-10
2014,all_collision,1999-2013,2014-2025,63,374,0.16844919786096257,19,194,0.0979381443298969,-7.051105353106567,0.5814105711012927,0.3587621235931908,0.9422350631741749,0.5359637188208617,0.31759423660113684,0.9354294095985601,0.023681080166370026,0.023361074895320577,59.39964929481795,7,1.9891425666338367e-10
2014,freefall_collision,1999-2013,2014-2025,31,374,0.08288770053475936,9,194,0.04639175257731959,-3.649594795743977,0.559694047223146,0.2719992949947405,1.1516847001499855,0.5382737576285964,0.2645540119066678,1.1789011897327037,0.12130030715848103,0.10692681682503746,59.39964929481795,7,1.9891425666338367e-10
2014,landing,1999-2013,2014-2025,126,374,0.33689839572192515,71,194,0.36597938144329895,2.90809857213738,1.0863197512682048,0.860101985316753,1.3720356680269932,1.1361465995612339,0.7922997037240904,1.6325271401932138,0.5157704715803364,0.48984362072136167,59.39964929481795,7,1.9891425666338367e-10
2015,canopy_collision,1999-2014,2015-2025,34,398,0.08542713567839195,8,170,0.047058823529411764,-3.836831214898019,0.5508650519031142,0.2604814640230038,1.1649669835294767,0.5286855482933914,0.25512152552309253,1.197128838090376,0.11831466478675266,0.1095370009421388,79.20002226418362,7,2.005259482640103e-14
2015,all_collision,1999-2014,2015-2025,68,398,0.1708542713567839,14,170,0.08235294117647059,-8.850133018031332,0.4820069204152249,0.2790734412848396,0.8325072792972725,0.43552036199095023,0.24591031069836997,0.812629093676528,0.00594620047939271,0.0059904285966110304,79.20002226418362,7,2.005259482640103e-14
2015,freefall_collision,1999-2014,2015-2025,34,398,0.08542713567839195,6,170,0.03529411764705882,-5.013301803133313,0.41314878892733564,0.17674140273195837,0.9657721346197036,0.3916786226685796,0.17700163078686149,0.984633292683962,0.03216073056231096,0.03247306905010694,79.20002226418362,7,2.005259482640103e-14
2015,landing,1999-2014,2015-2025,133,398,0.3341708542713568,64,170,0.3764705882352941,4.229973396393732,1.126581158779301,0.8879457574094398,1.4293498186413205,1.2030075187969924,0.8297526637362084,1.748389049945607,0.3373458098501102,0.332062080146462,79.20002226418362,7,2.005259482640103e-14
2016,canopy_collision,1999-2015,2016-2025,36,419,0.08591885441527446,6,149,0.040268456375838924,-4.565039803943553,0.46868008948545864,0.20156333706065718,1.0897866124035946,0.4463869463869464,0.2021610883857991,1.1203929096498095,0.07036088748536853,0.06740739415803532,93.6598656023998,7,2.1880138513684282e-17
2016,all_collision,1999-2015,2016-2025,70,419,0.16706443914081145,12,149,0.08053691275167785,-8.65275263891336,0.4820709491850431,0.26906223328843965,0.8637124475178184,0.43670490093847764,0.2392964493373493,0.8487787562271073,0.009638544115420786,0.009848823560189901,93.6598656023998,7,2.1880138513684282e-17
2016,freefall_collision,1999-2015,2016-2025,34,419,0.081145584725537,6,149,0.040268456375838924,-4.087712834969808,0.49624950651401495,0.21262940173458894,1.1581821267728423,0.47511312217194573,0.21423934534576686,1.1957331047776485,0.1340060398611307,0.0939395863778607,93.6598656023998,7,2.1880138513684282e-17
2016,landing,1999-2015,2016-2025,140,419,0.3341288782816229,57,149,0.3825503355704698,4.842145728884689,1.1449185043144774,0.89638831925819,1.462355491877103,1.2347049689440994,0.8401387249065042,1.8201710247099017,0.3164622272794701,0.2861630161349056,93.6598656023998,7,2.1880138513684282e-17
2017,canopy_collision,1999-2016,2017-2025,37,440,0.08409090909090909,5,128,0.0390625,-4.502840909090909,0.46452702702702703,0.18644015762281396,1.157397427624592,0.4427598330037354,0.19147202205679528,1.1992526387883262,0.12251109835977073,0.08662750646100159,108.99490575693562,7,1.483984052974248e-20
2017,all_collision,1999-2016,2017-2025,73,440,0.16590909090909092,9,128,0.0703125,-9.559659090909092,0.42380136986301364,0.21819586743101926,0.8231485005303699,0.38022332220559457,0.19609417646473384,0.8057247647956035,0.006265539859550255,0.006759574014342906,108.99490575693562,7,1.483984052974248e-20
2017,freefall_collision,1999-2016,2017-2025,36,440,0.08181818181818182,4,128,0.03125,-5.056818181818182,0.3819444444444444,0.13854435159423475,1.0529592651256514,0.3620071684587814,0.1474104253577208,1.0884524175412407,0.05037916276836985,0.04906241796856392,108.99490575693562,7,1.483984052974248e-20
2017,landing,1999-2016,2017-2025,145,440,0.32954545454545453,52,128,0.40625,7.670454545454547,1.2327586206896552,0.9617564418031775,1.5801233564242296,1.3920145190562614,0.9310321402734928,2.0865079640558606,0.11440434566466814,0.10854953366470244,108.99490575693562,7,1.483984052974248e-20
2018,canopy_collision,1999-2017,2018-2025,39,464,0.08405172413793104,3,104,0.028846153846153848,-5.520557029177719,0.3431952662721894,0.10813593943672453,1.0892122582479566,0.32368621477532367,0.12188686145564831,1.132014650545603,0.06048241389814219,0.05183126747642719,142.4687629823992,7,1.5443354222671701e-27
2018,all_collision,1999-2017,2018-2025,76,464,0.16379310344827586,6,104,0.057692307692307696,-10.610079575596815,0.35222672064777333,0.15771427491280599,0.7866355965994484,0.3125671321160043,0.14602352077099748,0.7691138157709019,0.004944658621573286,0.005393309508477273,142.4687629823992,7,1.5443354222671701e-27
2018,freefall_collision,1999-2017,2018-2025,37,464,0.07974137931034483,3,104,0.028846153846153848,-5.089522546419099,0.3617463617463617,0.11371894646430307,1.150735513345679,0.3427883328873428,0.1286938430419616,1.200759239087977,0.08733026427503407,0.06672887634854097,142.4687629823992,7,1.5443354222671701e-27
2018,landing,1999-2017,2018-2025,151,464,0.3254310344827586,46,104,0.4423076923076923,11.687665782493367,1.359144167091187,1.055901240876408,1.7494750412498263,1.6439826444393697,1.068744426793996,2.5314545548457836,0.03000126102903,0.023612252075291496,142.4687629823992,7,1.5443354222671701e-27
2019,canopy_collision,1999-2018,2019-2025,39,477,0.08176100628930817,3,91,0.03296703296703297,-4.87939733222752,0.4032121724429417,0.12732481392043846,1.2768921547982632,0.38286713286713286,0.1437207781687737,1.3411427044045796,0.12623633095374312,0.1030895064918893,107.96490169084207,7,2.4264670671684894e-20
2019,all_collision,1999-2018,2019-2025,77,477,0.16142557651991615,5,91,0.054945054945054944,-10.64805215748612,0.3403739118024832,0.1417013730443262,0.8175954639443312,0.30202355783751134,0.13418573897751357,0.8046155799350159,0.0055884800494756205,0.008085103775739011,107.96490169084207,7,2.4264670671684894e-20
2019,freefall_collision,1999-2018,2019-2025,38,477,0.07966457023060797,2,91,0.02197802197802198,-5.768654825258598,0.275882012724118,0.06775019873393047,1.1234046005328213,0.25960969840331166,0.08696653514723802,1.1691711192464793,0.04583050349133939,0.048726458172692055,107.96490169084207,7,2.4264670671684894e-20
2019,landing,1999-2018,2019-2025,153,477,0.32075471698113206,44,91,0.4835164835164835,16.276176653535146,1.5074337427278603,1.1748172685631828,1.9342212184994925,1.9824780976220275,1.2606208727598058,3.1114365687124947,0.0037837867918376227,0.002795111279803475,107.96490169084207,7,2.4264670671684894e-20
2020,canopy_collision,1999-2019,2020-2025,39,492,0.07926829268292683,3,76,0.039473684210526314,-3.979460847240052,0.4979757085020243,0.1578022553767029,1.5714592016832702,0.4773445732349842,0.178287035908857,1.6764941307689787,0.34299576685563976,0.21725047199701497,74.63889406791512,7,1.6978562380425057e-13
2020,all_collision,1999-2019,2020-2025,77,492,0.1565040650406504,5,76,0.06578947368421052,-9.071459135643988,0.4203691045796309,0.17581570025084256,1.0050876220551515,0.3795500274373514,0.1675775524271101,1.0149300321270582,0.03538669583329034,0.03624326362907215,74.63889406791512,7,1.6978562380425057e-13
2020,freefall_collision,1999-2019,2020-2025,38,492,0.07723577235772358,2,76,0.02631578947368421,-5.091998288403937,0.34072022160664817,0.08391448398074658,1.383435420258549,0.3229018492176387,0.10769598077232402,1.457183658647156,0.14594748769228788,0.10636523621078808,74.63889406791512,7,1.6978562380425057e-13
2020,landing,1999-2019,2020-2025,160,492,0.3252032520325203,37,76,0.4868421052631579,16.16388532306376,1.4970394736842105,1.1501541565496243,1.9485450476411883,1.9685897435897435,1.2109741255088948,3.1942338389795357,0.009197225591725639,0.005861524368885096,74.63889406791512,7,1.6978562380425057e-13
2021,canopy_collision,1999-2020,2021-2025,39,503,0.0775347912524851,3,65,0.046153846153846156,-3.138094509863894,0.5952662721893491,0.18932280198650162,1.8716284097225027,0.575682382133995,0.21389215037046075,2.0274887482571335,0.4585377140428107,0.36290875873155093,55.790706891592365,7,1.0391564826582977e-09
2021,all_collision,1999-2020,2021-2025,77,503,0.15308151093439365,5,65,0.07692307692307693,-7.615843401131672,0.5024975024975025,0.21118105073875276,1.1956742289751843,0.461038961038961,0.20221959122027508,1.237730427700727,0.1318402568959464,0.10017153427163494,55.790706891592365,7,1.0391564826582977e-09
2021,freefall_collision,1999-2020,2021-2025,38,503,0.07554671968190854,2,65,0.03076923076923077,-4.477748891267777,0.4072874493927126,0.1006098669287381,1.6487753288682534,0.38847117794486213,0.12897744970502456,1.7568581314607024,0.2986268284661262,0.18424928643810823,55.790706891592365,7,1.0391564826582977e-09
2021,landing,1999-2020,2021-2025,165,503,0.32803180914512925,32,65,0.49230769230769234,16.42758831625631,1.5007925407925407,1.1379609310631484,1.9793107030434065,1.9864095500459138,1.1830582340752374,3.3280691018954123,0.01222466200890563,0.008829231744535537,55.790706891592365,7,1.0391564826582977e-09
2022,canopy_collision,1999-2021,2022-2025,39,513,0.07602339181286549,3,55,0.05454545454545454,-2.147793726741095,0.7174825174825175,0.22925337788349898,2.2454681699593118,0.7011834319526629,0.25878793397755456,2.478287581841734,0.7869014025845719,0.562939288234727,43.74655370630545,7,2.3926382498248076e-07
2022,all_collision,1999-2021,2022-2025,77,513,0.15009746588693956,5,55,0.09090909090909091,-5.918837497784865,0.6056670602125148,0.2561054797394246,1.4323496248487348,0.5662337662337663,0.2462628033893666,1.5279491273594037,0.31290705525323226,0.23525475413916785,43.74655370630545,7,2.3926382498248076e-07
2022,freefall_collision,1999-2021,2022-2025,38,513,0.07407407407407407,2,55,0.03636363636363636,-3.7710437710437708,0.4909090909090909,0.1217274487941667,1.9797649414692953,0.4716981132075471,0.15570982564364144,2.1391242861576476,0.4115047932336183,0.2989012433089693,43.74655370630545,7,2.3926382498248076e-07
2022,landing,1999-2021,2022-2025,170,513,0.3313840155945419,27,55,0.4909090909090909,15.952507531454902,1.4813903743315509,1.1019747774213882,1.9914407172706117,1.9455882352941176,1.1158023608812369,3.386827736638334,0.0246371144302431,0.018165127060529196,43.74655370630545,7,2.3926382498248076e-07
2023,canopy_collision,1999-2022,2023-2025,39,533,0.07317073170731707,3,35,0.08571428571428572,1.2543554006968647,1.1714285714285715,0.38090923203298555,3.6025509033615437,1.1875,0.4271999080642466,4.254775176620184,0.7369032685571696,0.783538847332192,20.142220229064723,7,0.005270544925670259
2023,all_collision,1999-2022,2023-2025,77,533,0.14446529080675422,5,35,0.14285714285714285,-0.1608147949611366,0.9888682745825603,0.4280150502658311,2.284640373904052,0.987012987012987,0.41518325821575025,2.7174654193481405,0.9999999999999999,0.9790799350961641,20.142220229064723,7,0.005270544925670259
2023,freefall_collision,1999-2022,2023-2025,38,533,0.07129455909943715,2,35,0.05714285714285714,-1.4151701956580005,0.8015037593984963,0.20160264367323888,3.1865072036017015,0.7894736842105264,0.25498213393782065,3.617816294682621,1.0,0.7512578641905665,20.142220229064723,7,0.005270544925670259
2023,landing,1999-2022,2023-2025,182,533,0.34146341463414637,15,35,0.42857142857142855,8.710801393728218,1.2551020408163263,0.841060593526464,1.8729698490049884,1.4464285714285716,0.7351654179353502,2.884665932689705,0.35921162836814274,0.29425110072177985,20.142220229064723,7,0.005270544925670259
