cutoff_year_after_ge,period,cause,observed,expected,std_residual
2001,before,landing,21,20.463028169014084,0.11870432767809015
2001,before,malfunction,8,10.80281690140845,-0.8527588202124745
2001,before,no_pull_or_low_pull,7,5.713028169014085,0.5384381935510193
2001,before,reserve_problem,10,4.674295774647887,2.463309310960606
2001,before,canopy_collision,3,4.362676056338028,-0.652403288998004
2001,before,freefall_collision,5,4.154929577464789,0.4145825973279167
2001,before,medical,2,3.2200704225352115,-0.6799112293779842
2001,before,other_rare_or_unknown,3,5.609154929577465,-1.1016690535677056
2001,after,landing,176,176.53697183098592,-0.04041417030468892
2001,after,malfunction,96,93.19718309859155,0.29033094970515894
2001,after,no_pull_or_low_pull,48,49.28697183098591,-0.18331709785452258
2001,after,reserve_problem,35,40.32570422535211,-0.8386602574108348
2001,after,canopy_collision,39,37.63732394366197,0.22211774536482193
2001,after,freefall_collision,35,35.84507042253521,-0.14114912254259024
2001,after,medical,29,27.779929577464788,0.23148312073902477
2001,after,other_rare_or_unknown,51,48.390845070422536,0.37507512675553656
2002,before,landing,33,32.602112676056336,0.06968466738163283
2002,before,malfunction,15,17.211267605633804,-0.5330094084808042
2002,before,no_pull_or_low_pull,12,9.102112676056338,0.9605288009270223
2002,before,reserve_problem,16,7.447183098591549,3.1341022335232585
2002,before,canopy_collision,5,6.950704225352113,-0.7399068032050481
2002,before,freefall_collision,6,6.619718309859155,-0.24086548569602179
2002,before,medical,4,5.130281690140845,-0.4990178566265224
2002,before,other_rare_or_unknown,3,8.93661971830986,-1.9858781223658766
2002,after,landing,164,164.39788732394365,-0.03103215868376713
2002,after,malfunction,89,86.78873239436619,0.2373611465106518
2002,after,no_pull_or_low_pull,43,45.897887323943664,-0.4277452026491767
2002,after,reserve_problem,29,37.55281690140845,-1.395686619399449
2002,after,canopy_collision,37,35.04929577464789,0.3294972364941022
2002,after,freefall_collision,34,33.38028169014085,0.1072628492667806
2002,after,medical,27,25.869718309859156,0.22222393956564634
2002,after,other_rare_or_unknown,51,45.063380281690144,0.8843564493517939
2003,before,landing,46,44.04753521126761,0.2941862733031316
2003,before,malfunction,19,23.253521126760564,-0.882072397416038
2003,before,no_pull_or_low_pull,16,12.297535211267606,1.0558005881749561
2003,before,reserve_problem,20,10.06161971830986,3.133153417801658
2003,before,canopy_collision,5,9.390845070422536,-1.432833660799082
2003,before,freefall_collision,13,8.943661971830986,1.3563646132058187
2003,before,medical,4,6.931338028169014,-1.1134157556287083
2003,before,other_rare_or_unknown,4,12.07394366197183,-2.323598792680062
2003,after,landing,151,152.95246478873239,-0.15787194897020426
2003,after,malfunction,85,80.74647887323944,0.4733548134293883
2003,after,no_pull_or_low_pull,39,42.70246478873239,-0.5665842077115518
2003,after,reserve_problem,25,34.938380281690144,-1.6813736104584627
2003,after,canopy_collision,37,32.609154929577464,0.7689150144248302
2003,after,freefall_collision,27,31.056338028169016,-0.7278787096241492
2003,after,medical,27,24.068661971830984,0.5975027773444604
2003,after,other_rare_or_unknown,50,41.92605633802817,1.2469346917734367
2004,before,landing,57,52.71830985915493,0.589704573087586
2004,before,malfunction,23,27.830985915492956,-0.9157385044926123
2004,before,no_pull_or_low_pull,17,14.71830985915493,0.594740748326128
2004,before,reserve_problem,24,12.04225352112676,3.445842780582884
2004,before,canopy_collision,5,11.23943661971831,-1.8611145576403043
2004,before,freefall_collision,17,10.704225352112676,1.924294562336804
2004,before,medical,4,8.295774647887324,-1.4914648327660918
2004,before,other_rare_or_unknown,5,14.450704225352112,-2.4861061358134933
2004,after,landing,140,144.28169014084506,-0.3564590327871274
2004,after,malfunction,81,76.16901408450704,0.5535369344149317
2004,after,no_pull_or_low_pull,38,40.28169014084507,-0.35950325227669094
2004,after,reserve_problem,21,32.95774647887324,-2.0829103940502267
2004,after,canopy_collision,37,30.760563380281692,1.1249888934199836
2004,after,freefall_collision,23,29.295774647887324,-1.1631793440174487
2004,after,medical,27,22.704225352112676,0.9015465302231167
2004,after,other_rare_or_unknown,49,39.54929577464789,1.5027778806907794
2005,before,landing,65,60.00176056338028,0.6452604698326726
2005,before,malfunction,32,31.676056338028168,0.057557766622762
2005,before,no_pull_or_low_pull,19,16.75176056338028,0.5493034580962978
2005,before,reserve_problem,24,13.705985915492958,2.7805430119860612
2005,before,canopy_collision,5,12.79225352112676,-2.178660426909461
2005,before,freefall_collision,18,12.183098591549296,1.6665288010498007
2005,before,medical,4,9.441901408450704,-1.771009695329523
2005,before,other_rare_or_unknown,6,16.447183098591548,-2.5760449843519138
2005,after,landing,132,136.9982394366197,-0.4270311576385032
2005,after,malfunction,72,72.32394366197182,-0.038091531809438306
2005,after,no_pull_or_low_pull,36,38.24823943661972,-0.3635271376015386
2005,after,reserve_problem,21,31.294014084507044,-1.8401537933665275
2005,after,canopy_collision,37,29.20774647887324,1.4418299705320579
2005,after,freefall_collision,22,27.816901408450704,-1.1029030235414083
2005,after,medical,27,21.558098591549296,1.1720481197022592
2005,after,other_rare_or_unknown,48,37.55281690140845,1.7048177026587763
2006,before,landing,73,69.36619718309859,0.43630221137053027
2006,before,malfunction,38,36.61971830985915,0.22809209141670703
2006,before,no_pull_or_low_pull,24,19.366197183098592,1.0529684884383035
2006,before,reserve_problem,27,15.845070422535212,2.802333032052973
2006,before,canopy_collision,5,14.788732394366198,-2.545428958907003
2006,before,freefall_collision,22,14.084507042253522,2.109148416364652
2006,before,medical,4,10.915492957746478,-2.0931553715286837
2006,before,other_rare_or_unknown,7,19.014084507042252,-2.7551990026274487
2006,after,landing,124,127.63380281690141,-0.3216462575958919
2006,after,malfunction,66,67.38028169014085,-0.16815172070970455
2006,after,no_pull_or_low_pull,31,35.63380281690141,-0.7762586685240433
2006,after,reserve_problem,18,29.154929577464788,-2.0659073202168723
2006,after,canopy_collision,37,27.211267605633804,1.8765151247728586
2006,after,freefall_collision,18,25.91549295774648,-1.554884841649039
2006,after,medical,27,20.08450704225352,1.5430946125715983
2006,after,other_rare_or_unknown,47,34.985915492957744,2.0311596527170637
2007,before,landing,82,76.64964788732394,0.61112110501436
2007,before,malfunction,41,40.46478873239437,0.08413691990434338
2007,before,no_pull_or_low_pull,27,21.399647887323944,1.210631638885143
2007,before,reserve_problem,30,17.508802816901408,2.985216533022036
2007,before,canopy_collision,5,16.341549295774648,-2.805600114429699
2007,before,freefall_collision,25,15.56338028169014,2.3920182529433434
2007,before,medical,4,12.06161971830986,-2.3212370395928215
2007,before,other_rare_or_unknown,7,21.010563380281692,-3.056586919227858
2007,after,landing,115,120.35035211267606,-0.48770665494596427
2007,after,malfunction,63,63.53521126760563,-0.06714566953638365
2007,after,no_pull_or_low_pull,28,33.600352112676056,-0.9661474659078412
2007,after,reserve_problem,15,27.491197183098592,-2.3823591717968164
2007,after,canopy_collision,37,25.658450704225352,2.2390158606817727
2007,after,freefall_collision,15,24.43661971830986,-1.9089558700239535
2007,after,medical,27,18.93838028169014,1.8524687539467097
2007,after,other_rare_or_unknown,47,32.98943661971831,2.43931647867599
2008,before,landing,86,82.89260563380282,0.3413017210920298
2008,before,malfunction,44,43.76056338028169,0.03619504495697145
2008,before,no_pull_or_low_pull,28,23.142605633802816,1.0097113483310465
2008,before,reserve_problem,31,18.934859154929576,2.772690258616132
2008,before,canopy_collision,10,17.672535211267604,-1.825111755475406
2008,before,freefall_collision,25,16.830985915492956,1.9911999218767764
2008,before,medical,7,13.044014084507042,-1.6734773480247127
2008,before,other_rare_or_unknown,8,22.721830985915492,-3.0884470856591126
2008,after,landing,111,114.10739436619718,-0.29089715900771107
2008,after,malfunction,60,60.23943661971831,-0.030849641526713215
2008,after,no_pull_or_low_pull,27,31.857394366197184,-0.860593851409693
2008,after,reserve_problem,14,26.065140845070424,-2.3632102306987854
2008,after,canopy_collision,32,24.327464788732396,1.5555732412969951
2008,after,freefall_collision,15,23.169014084507044,-1.697132960352531
2008,after,medical,24,17.955985915492956,1.4263327024737813
2008,after,other_rare_or_unknown,46,31.278169014084508,2.6323350497304627
2009,before,landing,94,93.2975352112676,0.07272596200977209
2009,before,malfunction,49,49.25352112676056,-0.03612397346467009
2009,before,no_pull_or_low_pull,34,26.047535211267604,1.558182914371855
2009,before,reserve_problem,36,21.31161971830986,3.1817472604043404
2009,before,canopy_collision,15,19.890845070422536,-1.0966228435380758
2009,before,freefall_collision,25,18.943661971830984,1.391483750387718
2009,before,medical,7,14.681338028169014,-2.004721546814318
2009,before,other_rare_or_unknown,9,25.573943661971832,-3.2773815626693503
2009,after,landing,103,103.7024647887324,-0.06898108492172257
2009,after,malfunction,55,54.74647887323944,0.034263842133042274
2009,after,no_pull_or_low_pull,21,28.952464788732396,-1.4779474202818998
2009,after,reserve_problem,9,23.68838028169014,-3.017909586949413
2009,after,canopy_collision,27,22.109154929577464,1.0401544566304455
2009,after,freefall_collision,15,21.056338028169016,-1.319832094346097
2009,after,medical,24,16.318661971830984,1.9014924442886572
2009,after,other_rare_or_unknown,45,28.426056338028168,3.108619393236828
2010,before,landing,97,98.84683098591549,-0.18575725180607514
2010,before,malfunction,54,52.183098591549296,0.25151647037348035
2010,before,no_pull_or_low_pull,34,27.596830985915492,1.2188923699490284
2010,before,reserve_problem,36,22.579225352112676,2.8243795936372966
2010,before,canopy_collision,19,21.073943661971832,-0.4517769273995313
2010,before,freefall_collision,25,20.070422535211268,1.1003514949343458
2010,before,medical,9,15.554577464788732,-1.6619409596653907
2010,before,other_rare_or_unknown,11,27.095070422535212,-3.092058765222686
2010,after,landing,100,98.15316901408451,0.1864124822420371
2010,after,malfunction,50,51.816901408450704,-0.2524036564452601
2010,after,no_pull_or_low_pull,21,27.403169014084508,-1.2231918272848108
2010,after,reserve_problem,9,22.420774647887324,-2.83434216282083
2010,after,canopy_collision,23,20.926056338028168,0.4533705017564914
2010,after,freefall_collision,15,19.929577464788732,-1.1042328173738591
2010,after,medical,22,15.445422535211268,1.667803203475293
2010,after,other_rare_or_unknown,43,26.904929577464788,3.1029655319467757
2011,before,landing,106,106.13028169014085,-0.01264630714780702
2011,before,malfunction,55,56.028169014084504,-0.13736032077906288
2011,before,no_pull_or_low_pull,38,29.630281690140844,1.537598517344155
2011,before,reserve_problem,36,24.242957746478872,2.3878402953067526
2011,before,canopy_collision,24,22.62676056338028,0.2886922174799715
2011,before,freefall_collision,25,21.549295774647888,0.7433463180134117
2011,before,medical,10,16.700704225352112,-1.6396571830779751
2011,before,other_rare_or_unknown,12,29.091549295774648,-3.1688231827151188
2011,after,landing,91,90.86971830985915,0.013667018841250966
2011,after,malfunction,49,47.971830985915496,0.1484469790418834
2011,after,no_pull_or_low_pull,17,25.369718309859156,-1.6617015276642397
2011,after,reserve_problem,9,20.757042253521128,-2.580568218407916
2011,after,canopy_collision,18,19.37323943661972,-0.3119932111015892
2011,after,freefall_collision,15,18.450704225352112,-0.8033434594877404
2011,after,medical,21,14.299295774647888,1.7719975762414661
2011,after,other_rare_or_unknown,42,24.908450704225352,3.424585978861855
2012,before,landing,112,114.80105633802818,-0.26142607456801775
2012,before,malfunction,60,60.605633802816904,-0.07779534447459699
2012,before,no_pull_or_low_pull,40,32.05105633802817,1.4040683351602445
2012,before,reserve_problem,37,26.223591549295776,2.104398375492817
2012,before,canopy_collision,31,24.475352112676056,1.3188415012304382
2012,before,freefall_collision,26,23.309859154929576,0.557192412490361
2012,before,medical,11,18.065140845070424,-1.6622645691445486
2012,before,other_rare_or_unknown,14,31.468309859154928,-3.113968234615293
2012,after,landing,85,82.19894366197182,0.3089503742980338
2012,after,malfunction,44,43.394366197183096,0.09193765707489833
2012,after,no_pull_or_low_pull,15,22.948943661971832,-1.6593120575465479
2012,after,reserve_problem,8,18.776408450704224,-2.486954168037753
2012,after,canopy_collision,11,17.524647887323944,-1.5585919503944228
2012,after,freefall_collision,14,16.690140845070424,-0.6584836829278591
2012,after,medical,20,12.934859154929578,1.9644454428203981
2012,after,other_rare_or_unknown,40,22.531690140845072,3.680052394262124
2013,before,landing,119,121.39084507042253,-0.21699936692274008
2013,before,malfunction,66,64.08450704225352,0.23927869734009743
2013,before,no_pull_or_low_pull,42,33.890845070422536,1.392946379397671
2013,before,reserve_problem,37,27.72887323943662,1.7606231494437572
2013,before,canopy_collision,32,25.880281690140844,1.2029482163540046
2013,before,freefall_collision,27,24.64788732394366,0.47377078056280647
2013,before,medical,13,19.10211267605634,-1.3961739204513544
2013,before,other_rare_or_unknown,14,33.274647887323944,-3.3414096213565787
2013,after,landing,78,75.60915492957747,0.27495665910096734
2013,after,malfunction,38,39.91549295774648,-0.30318646615263567
2013,after,no_pull_or_low_pull,13,21.109154929577464,-1.7649815675376346
2013,after,reserve_problem,8,17.27112676056338,-2.230859315268116
2013,after,canopy_collision,10,16.119718309859156,-1.5242377308774693
2013,after,freefall_collision,13,15.352112676056338,-0.6003078849975927
2013,after,medical,18,11.897887323943662,1.7690711366355383
2013,after,other_rare_or_unknown,40,20.725352112676056,4.233850260508548
2014,before,landing,126,129.71478873239437,-0.3261665149494265
2014,before,malfunction,72,68.47887323943662,0.42550371585337227
2014,before,no_pull_or_low_pull,47,36.21478873239437,1.79219672250051
2014,before,reserve_problem,37,29.630281690140844,1.3538888080779625
2014,before,canopy_collision,32,27.654929577464788,0.8262482282178346
2014,before,freefall_collision,31,26.338028169014084,0.9084018628421863
2014,before,medical,13,20.411971830985916,-1.6405568327389632
2014,before,other_rare_or_unknown,16,35.556338028169016,-3.279661504020155
2014,after,landing,71,67.28521126760563,0.4528707896297258
2014,after,malfunction,32,35.521126760563384,-0.5907970161154594
2014,after,no_pull_or_low_pull,8,18.785211267605632,-2.488402419287154
2014,after,reserve_problem,8,15.369718309859154,-1.879827221626918
2014,after,canopy_collision,10,14.345070422535212,-1.1472167448004016
2014,after,freefall_collision,9,13.661971830985916,-1.2612841909606887
2014,after,medical,18,10.588028169014084,2.277855740004873
2014,after,other_rare_or_unknown,38,18.443661971830984,4.553695204653728
2015,before,landing,133,138.0387323943662,-0.428865205270804
2015,before,malfunction,80,72.87323943661971,0.8348493825292999
2015,before,no_pull_or_low_pull,50,38.5387323943662,1.8462220770094522
2015,before,reserve_problem,38,31.531690140845072,1.1519063999013701
2015,before,canopy_collision,34,29.429577464788732,0.8424891936883946
2015,before,freefall_collision,34,28.028169014084508,1.1280027125907741
2015,before,medical,13,21.721830985915492,-1.871369088365792
2015,before,other_rare_or_unknown,16,37.83802816901409,-3.5501701962203907
2015,after,landing,64,58.9612676056338,0.6562025108339086
2015,after,malfunction,24,31.12676056338028,-1.2773949815722199
2015,after,no_pull_or_low_pull,5,16.461267605633804,-2.824886578815849
2015,after,reserve_problem,7,13.46830985915493,-1.762520863364588
2015,after,canopy_collision,8,12.570422535211268,-1.2890845828811668
2015,after,freefall_collision,6,11.971830985915492,-1.7259460621482077
2015,after,medical,18,9.278169014084508,2.86336377815306
2015,after,other_rare_or_unknown,38,16.161971830985916,5.432081148146546
2016,before,landing,140,145.32218309859155,-0.44149303319686306
2016,before,malfunction,85,76.71830985915493,0.9455172664718612
2016,before,no_pull_or_low_pull,51,40.57218309859155,1.637115078515022
2016,before,reserve_problem,42,33.195422535211264,1.5281620781581309
2016,before,canopy_collision,36,30.982394366197184,0.9014445875241147
2016,before,freefall_collision,34,29.507042253521128,0.8271218525769867
2016,before,medical,15,22.867957746478872,-1.6453122393643824
2016,before,other_rare_or_unknown,16,39.83450704225352,-3.7763866224610823
2016,after,landing,57,51.67781690140845,0.7403511103071096
2016,after,malfunction,19,27.281690140845072,-1.5855624107546153
2016,after,no_pull_or_low_pull,4,14.42781690140845,-2.7453207071076373
2016,after,reserve_problem,3,11.804577464788732,-2.5626145968856266
2016,after,canopy_collision,6,11.017605633802816,-1.5116557931192172
2016,after,freefall_collision,6,10.492957746478874,-1.3870220725353832
2016,after,medical,16,8.132042253521126,2.7590667385959393
2016,after,other_rare_or_unknown,38,14.165492957746478,6.33272060635507
2017,before,landing,145,152.6056338028169,-0.6156730274618087
2017,before,malfunction,93,80.56338028169014,1.3855860901288926
2017,before,no_pull_or_low_pull,51,42.605633802816904,1.2860397605155207
2017,before,reserve_problem,44,34.859154929577464,1.5482030575332304
2017,before,canopy_collision,37,32.53521126760563,0.7827518413231691
2017,before,freefall_collision,36,30.985915492957748,0.9007608108772781
2017,before,medical,17,24.014084507042252,-1.4313240767254984
2017,before,other_rare_or_unknown,17,41.83098591549296,-3.839236919525437
2017,after,landing,52,44.394366197183096,1.1414883437019692
2017,after,malfunction,11,23.43661971830986,-2.5689453663386725
2017,after,no_pull_or_low_pull,4,12.394366197183098,-2.384381531570019
2017,after,reserve_problem,1,10.140845070422536,-2.870445293248706
2017,after,canopy_collision,5,9.464788732394366,-1.4512607553480572
2017,after,freefall_collision,4,9.014084507042254,-1.6700552407157836
2017,after,medical,14,6.985915492957746,2.65374586308881
2017,after,other_rare_or_unknown,37,12.169014084507042,7.1181357585465905
2018,before,landing,151,160.92957746478874,-0.7827315378261722
2018,before,malfunction,104,84.95774647887323,2.065935939582699
2018,before,no_pull_or_low_pull,52,44.929577464788736,1.054822053761776
2018,before,reserve_problem,45,36.76056338028169,1.3589592623892062
2018,before,canopy_collision,39,34.309859154929576,0.8007121474705612
2018,before,freefall_collision,37,32.67605633802817,0.7564238412975504
2018,before,medical,17,25.323943661971832,-1.654106479293787
2018,before,other_rare_or_unknown,19,44.11267605633803,-3.78104017665946
2018,after,landing,46,36.070422535211264,1.653313277071879
2018,after,malfunction,0,19.04225352112676,-4.363743063142784
2018,after,no_pull_or_low_pull,3,10.070422535211268,-2.2280325017641824
2018,after,reserve_problem,0,8.23943661971831,-2.8704418857935985
2018,after,canopy_collision,3,7.690140845070423,-1.6912925576020528
2018,after,freefall_collision,3,7.323943661971831,-1.5977452286951086
2018,after,medical,14,5.676056338028169,3.493862290897456
2018,after,other_rare_or_unknown,35,9.887323943661972,7.986446978455023
2019,before,landing,153,165.43838028169014,-0.9670427998582398
2019,before,malfunction,104,87.33802816901408,1.782890638416409
2019,before,no_pull_or_low_pull,52,46.188380281690144,0.8551273997690327
2019,before,reserve_problem,45,37.79049295774648,1.1727738989779048
2019,before,canopy_collision,39,35.271126760563384,0.6278674273249367
2019,before,freefall_collision,38,33.59154929577465,0.7606256583962354
2019,before,medical,21,26.033450704225352,-0.9865064998671472
2019,before,other_rare_or_unknown,25,45.348591549295776,-3.0217077110056256
2019,after,landing,44,31.56161971830986,2.2140335065845727
2019,after,malfunction,0,16.661971830985916,-4.081907866547936
2019,after,no_pull_or_low_pull,3,8.81161971830986,-1.9578044692176186
2019,after,reserve_problem,0,7.209507042253521,-2.6850525213212353
2019,after,canopy_collision,3,6.72887323943662,-1.4374953435300333
2019,after,freefall_collision,2,6.408450704225352,-1.7414438056972081
2019,after,medical,10,4.966549295774648,2.258595426685885
2019,after,other_rare_or_unknown,29,8.651408450704226,6.918165483732623
2020,before,landing,160,170.64084507042253,-0.8145816514921306
2020,before,malfunction,104,90.08450704225352,1.4661335862260387
2020,before,no_pull_or_low_pull,52,47.640845070422536,0.6315570338285664
2020,before,reserve_problem,45,38.978873239436616,0.9644131643811914
2020,before,canopy_collision,39,36.38028169014085,0.43433173897244
2020,before,freefall_collision,38,34.647887323943664,0.5694822983827539
2020,before,medical,21,26.85211267605634,-1.1293367190846408
2020,before,other_rare_or_unknown,33,46.774647887323944,-2.0140731629591135
2020,after,landing,37,26.359154929577464,2.072575588546781
2020,after,malfunction,0,13.915492957746478,-3.7303475652741094
2020,after,no_pull_or_low_pull,3,7.359154929577465,-1.6068980791433223
2020,after,reserve_problem,0,6.02112676056338,-2.453798435194582
2020,after,canopy_collision,3,5.619718309859155,-1.105089168012089
2020,after,freefall_collision,2,5.352112676056338,-1.4489586250507536
2020,after,medical,10,4.147887323943662,2.873420621415691
2020,after,other_rare_or_unknown,21,7.225352112676056,5.124494104979954
2021,before,landing,165,174.45598591549296,-0.7159189842774467
2021,before,malfunction,104,92.09859154929578,1.2401432846220592
2021,before,no_pull_or_low_pull,52,48.70598591549296,0.471991613882463
2021,before,reserve_problem,45,39.850352112676056,0.8157582096506526
2021,before,canopy_collision,39,37.193661971830984,0.29618601949061213
2021,before,freefall_collision,38,35.42253521126761,0.43306483536008583
2021,before,medical,23,27.452464788732396,-0.8497864894077539
2021,before,other_rare_or_unknown,37,47.820422535211264,-1.564723177559496
2021,after,landing,32,22.544014084507044,1.9915499028127346
2021,after,malfunction,0,11.901408450704226,-3.4498418008227896
2021,after,no_pull_or_low_pull,3,6.294014084507042,-1.3129905385939047
2021,after,reserve_problem,0,5.149647887323944,-2.2692835625641727
2021,after,canopy_collision,3,4.806338028169014,-0.8239329467235101
2021,after,freefall_collision,2,4.577464788732394,-1.2047036741782386
2021,after,medical,8,3.5475352112676055,2.3639437388291396
2021,after,other_rare_or_unknown,17,6.179577464788732,4.352761081398828
2022,before,landing,170,177.92429577464787,-0.5940774249844412
2022,before,malfunction,104,93.92957746478874,1.039074073719324
2022,before,no_pull_or_low_pull,52,49.67429577464789,0.32998076303969404
2022,before,reserve_problem,45,40.642605633802816,0.6834961867571676
2022,before,canopy_collision,39,37.933098591549296,0.17322681825715652
2022,before,freefall_collision,38,36.12676056338028,0.31165836063011726
2022,before,medical,26,27.99823943661972,-0.37764363058979894
2022,before,other_rare_or_unknown,39,48.771126760563384,-1.399146700995918
2022,after,landing,27,19.075704225352112,1.8143471516446734
2022,after,malfunction,0,10.070422535211268,-3.173392905899184
2022,after,no_pull_or_low_pull,3,5.325704225352113,-1.0077805220999332
2022,after,reserve_problem,0,4.357394366197183,-2.087437272398187
2022,after,canopy_collision,3,4.066901408450704,-0.529044819876083
2022,after,freefall_collision,2,3.8732394366197185,-0.9518228350628026
2022,after,medical,5,3.0017605633802815,1.1533457032394356
2022,after,other_rare_or_unknown,15,5.22887323943662,4.273075738825565
2023,before,landing,182,184.86091549295776,-0.21041780208059405
2023,before,malfunction,104,97.59154929577464,0.6487045463518624
2023,before,no_pull_or_low_pull,52,51.610915492957744,0.05415931422154721
2023,before,reserve_problem,45,42.227112676056336,0.4267136434041219
2023,before,canopy_collision,39,39.41197183098591,-0.0656226009804137
2023,before,freefall_collision,38,37.53521126760563,0.07586407359164825
2023,before,medical,27,29.089788732394368,-0.38746466204244473
2023,before,other_rare_or_unknown,46,50.67253521126761,-0.6563965144810912
2023,after,landing,15,12.139084507042254,0.8211302700456581
2023,after,malfunction,0,6.408450704225352,-2.531491794224376
2023,after,no_pull_or_low_pull,3,3.3890845070422535,-0.2113502368739366
2023,after,reserve_problem,0,2.772887323943662,-1.6651988842008218
2023,after,canopy_collision,3,2.5880281690140845,0.25608434044714207
2023,after,freefall_collision,2,2.464788732394366,-0.29605046065072926
2023,after,medical,4,1.9102112676056338,1.5120344354428839
2023,after,other_rare_or_unknown,8,3.3274647887323945,2.5615087785511936
